New Jersey Snowfall, August 2017
"GHCN ID","Station Name",County,State,Elevation,Latitude,Longitude,"Aug 1","Aug 2","Aug 3","Aug 4","Aug 5","Aug 6","Aug 7","Aug 8","Aug 9","Aug 10","Aug 11","Aug 12","Aug 13","Aug 14","Aug 15","Aug 16","Aug 17","Aug 18","Aug 19","Aug 20","Aug 21","Aug 22","Aug 23","Aug 24","Aug 25","Aug 26","Aug 27","Aug 28","Aug 29","Aug 30","Aug 31"
US1NJSS0001,"ANDOVER TWP 1.7 W","SUSSEX","New Jersey",663,41.02,-74.76,M,0.0,M,M,M,0.0,M,M,0.0,M,0.0,M,M,M,M,M,0.0,M,M,M,M,M,M,0.0,M,M,M,M,0.0,M,0.0
USW00093730,"ATLANTIC CITY INTL AP","ATLANTIC","New Jersey",60,39.45,-74.57,0.0,0.0,0.0,0.0,0.0,0.0,0.0,0.0,0.0,0.0,0.0,0.0,0.0,0.0,0.0,0.0,0.0,0.0,0.0,0.0,0.0,0.0,0.0,0.0,0.0,0.0,0.0,0.0,0.0,0.0,0.0
USC00280734,"BELVIDERE BRIDGE","WARREN","New Jersey",263,40.83,-75.08,0.0,0.0,0.0,0.0,0.0,0.0,0.0,0.0,0.0,0.0,0.0,0.0,0.0,0.0,0.0,0.0,0.0,0.0,0.0,0.0,0.0,0.0,0.0,0.0,0.0,0.0,0.0,M,0.0,0.0,0.0
US1NJOC0056,"BERKELEY TWP 2.7 SSE","OCEAN","New Jersey",45,39.88,-74.17,0.0,0.0,M,0.0,M,0.0,0.0,M,0.0,0.0,0.0,M,0.0,0.0,M,M,0.0,0.0,M,0.0,0.0,0.0,M,0.0,0.0,0.0,0.0,0.0,0.0,M,0.0
US1NJCN0011,"BERLIN TWP 0.6 WNW","CAMDEN","New Jersey",160,39.81,-74.94,0.0,0.0,M,0.0,M,0.0,M,M,0.0,0.0,0.0,M,0.0,M,M,M,M,M,M,0.0,0.0,0.0,M,M,M,0.0,0.0,0.0,M,M,M
US1NJSM0004,"BERNARDS TWP 0.6 NNW","SOMERSET","New Jersey",304,40.68,-74.57,0.0,0.0,M,M,M,0.0,M,M,0.0,0.0,0.0,M,M,0.0,M,M,0.0,M,M,M,0.0,0.0,M,0.0,0.0,0.0,0.0,0.0,0.0,M,0.0
US1NJHN0007,"BETHLEHEM TWP 0.6 S","HUNTERDON","New Jersey",931,40.66,-75.01,0.0,0.0,M,M,M,M,M,M,M,0.0,0.0,M,M,M,M,M,M,M,M,M,0.0,M,M,M,0.0,0.0,0.0,0.0,0.0,M,M
USC00280847,"BLACKWELLS MILLS","SOMERSET","New Jersey",79,40.46,-74.58,0.0,0.0,0.0,0.0,0.0,0.0,0.0,0.0,0.0,0.0,0.0,0.0,0.0,0.0,0.0,0.0,0.0,0.0,0.0,0.0,0.0,0.0,0.0,0.0,0.0,M,M,0.0,0.0,0.0,0.0
US1NJWR0034,"BLAIRSTOWN TWP 2.4 E","WARREN","New Jersey",459,40.98,-74.95,0.0,0.0,0.0,0.0,0.0,0.0,0.0,0.0,0.0,0.0,0.0,0.0,0.0,0.0,0.0,0.0,0.0,0.0,M,M,M,M,0.0,0.0,0.0,0.0,0.0,0.0,0.0,0.0,0.0
US1NJWR0008,"BLAIRSTOWN TWP 4.1 SE","WARREN","New Jersey",584,40.94,-74.94,0.0,0.0,M,M,M,0.0,M,M,0.0,0.0,0.0,M,0.0,0.0,M,0.0,0.0,M,M,0.0,0.0,0.0,M,0.0,0.0,0.0,0.0,0.0,0.0,M,M
US1NJPS0025,"BLOOMINGDALE 0.7 SSE","PASSAIC","New Jersey",362,41.02,-74.33,0.0,0.0,M,M,M,M,0.0,M,M,0.0,0.0,M,M,0.0,M,M,0.0,M,M,M,0.0,0.0,M,M,0.0,0.0,0.0,0.0,0.0,M,0.0
US1NJMS0011,"BOONTON 0.6 NW","MORRIS","New Jersey",619,40.91,-74.41,0.0,0.0,M,M,M,0.0,0.0,M,0.0,0.0,0.0,M,M,0.0,M,M,0.0,0.0,M,0.0,0.0,0.0,M,0.0,0.0,0.0,0.0,0.0,0.0,M,0.0
US1NJMS0078,"BOONTON 0.7 WSW","MORRIS","New Jersey",489,40.90,-74.42,M,M,M,M,M,M,M,M,M,M,M,M,M,M,M,M,M,M,M,M,M,0.0,M,M,M,M,M,M,M,M,M
USC00280907,"BOONTON 1 SE","MORRIS","New Jersey",280,40.89,-74.40,0.0,0.0,0.0,0.0,0.0,0.0,0.0,0.0,0.0,0.0,0.0,0.0,0.0,0.0,0.0,0.0,0.0,0.0,0.0,0.0,0.0,0.0,0.0,0.0,0.0,0.0,0.0,0.0,0.0,0.0,0.0
USC00280927,"BOUND BROOK 2W","SOMERSET","New Jersey",55,40.56,-74.57,0.0,0.0,0.0,0.0,0.0,0.0,0.0,0.0,0.0,0.0,0.0,0.0,0.0,0.0,0.0,0.0,0.0,0.0,0.0,0.0,0.0,0.0,0.0,0.0,0.0,0.0,0.0,0.0,0.0,0.0,0.0
US1NJOC0006,"BRICK TWP 1.5 NNE","OCEAN","New Jersey",22,40.08,-74.10,0.0,0.0,M,0.0,M,0.0,M,M,0.0,0.0,0.0,M,M,0.0,M,M,0.0,0.0,M,0.0,0.0,0.0,M,0.0,0.0,0.0,0.0,0.0,0.0,M,0.0
US1NJOC0001,"BRICK TWP 2.4 N","OCEAN","New Jersey",24,40.09,-74.10,0.0,M,M,M,M,M,M,M,M,M,0.0,M,M,M,M,M,M,M,M,M,0.0,M,M,0.0,0.0,M,0.0,0.0,0.0,M,M
US1NJOC0075,"BRICK TWP 2.4 SSW","OCEAN","New Jersey",3,40.03,-74.13,0.0,M,M,M,M,0.0,0.0,M,0.0,0.0,0.0,M,M,M,M,M,0.0,0.0,M,0.0,0.0,0.0,M,0.0,0.0,0.0,0.0,0.0,0.0,M,0.0
US1NJOC0038,"BRICK TWP 3.5 N","OCEAN","New Jersey",47,40.12,-74.10,0.0,0.0,M,M,M,M,M,M,0.0,M,M,M,M,M,M,M,M,0.0,M,0.0,0.0,M,M,M,M,M,M,M,M,M,0.0
US1NJSM0034,"BRIDGEWATER TWP 1.6 SSE","SOMERSET","New Jersey",94,40.57,-74.59,M,M,M,M,M,M,M,M,0.0,0.0,0.0,M,M,0.0,M,M,0.0,M,M,M,M,0.0,M,0.0,0.0,0.0,0.0,0.0,0.0,M,0.0
US1NJSM0005,"BRIDGEWATER TWP 3.3 NW","SOMERSET","New Jersey",108,40.63,-74.65,0.0,0.0,0.0,0.0,0.0,0.0,0.0,0.0,M,0.0,0.0,0.0,0.0,0.0,0.0,0.0,0.0,0.0,0.0,0.0,0.0,0.0,0.0,0.0,0.0,0.0,0.0,0.0,0.0,0.0,0.0
US1NJMN0072,"BRIELLE 0.8 SW","MONMOUTH","New Jersey",32,40.10,-74.07,0.0,0.0,M,M,M,0.0,M,M,M,0.0,0.0,M,M,0.0,M,M,0.0,0.0,M,0.0,0.0,M,M,0.0,0.0,0.0,0.0,0.0,0.0,M,0.0
US1NJAT0001,"BUENA VISTA TWP 2.6 NNE","ATLANTIC","New Jersey",103,39.55,-74.87,0.0,0.0,M,0.0,M,0.0,0.0,M,0.0,0.0,0.0,M,M,0.0,M,M,0.0,0.0,M,0.0,0.0,0.0,M,0.0,0.0,0.0,0.0,0.0,M,M,0.0
US1NJBT0003,"BURLINGTON 1.7 E","BURLINGTON","New Jersey",23,40.08,-74.82,0.0,0.0,0.0,0.0,0.0,0.0,0.0,0.0,0.0,0.0,0.0,0.0,0.0,0.0,0.0,0.0,0.0,M,M,M,0.0,0.0,0.0,0.0,0.0,0.0,0.0,0.0,0.0,0.0,M
US1NJHN0001,"CALIFON 0.6 NW","HUNTERDON","New Jersey",585,40.73,-74.84,0.0,0.0,M,M,M,M,M,M,0.0,0.0,0.0,M,M,0.0,M,M,0.0,M,M,0.0,0.0,0.0,M,0.0,0.0,0.0,0.0,0.0,0.0,M,0.0
USC00281327,"CANISTEAR RESERVOIR","SUSSEX","New Jersey",1214,41.11,-74.48,0.0,0.0,0.0,0.0,M,M,0.0,0.0,0.0,0.0,0.0,M,M,0.0,0.0,0.0,0.0,0.0,M,M,0.0,0.0,0.0,0.0,0.0,M,M,0.0,0.0,0.0,0.0
USC00281335,"CANOE BROOK","ESSEX","New Jersey",180,40.74,-74.35,0.0,0.0,0.0,0.0,0.0,0.0,0.0,0.0,0.0,0.0,0.0,0.0,0.0,0.0,0.0,0.0,0.0,0.0,0.0,0.0,0.0,0.0,0.0,0.0,0.0,0.0,0.0,0.0,0.0,0.0,0.0
USC00281351,"CAPE MAY 2 NW","CAPE MAY","New Jersey",20,38.95,-74.94,0.0,0.0,0.0,0.0,0.0,0.0,0.0,0.0,0.0,0.0,0.0,0.0,0.0,0.0,0.0,0.0,0.0,0.0,0.0,0.0,0.0,0.0,0.0,0.0,0.0,0.0,0.0,0.0,0.0,0.0,0.0
US1NJES0024,"CEDAR GROVE TWP 0.4 W","ESSEX","New Jersey",356,40.86,-74.24,0.0,0.0,0.0,0.0,0.0,0.0,0.0,0.0,0.0,0.0,0.0,0.0,0.0,0.0,0.0,0.0,0.0,0.0,0.0,0.0,0.0,0.0,0.0,0.0,0.0,0.0,0.0,0.0,0.0,0.0,0.0
USC00281473,"CEDARVILLE","CUMBERLAND","New Jersey",52,39.34,-75.18,M,M,M,M,M,M,M,M,M,M,M,M,M,M,M,M,M,M,M,M,0.0,0.0,M,0.0,0.0,0.0,0.0,0.0,0.0,0.0,0.0
USC00281582,"CHARLOTTEBURG RESERVOIR","PASSAIC","New Jersey",778,41.03,-74.42,0.0,0.0,0.0,0.0,0.0,0.0,0.0,0.0,0.0,0.0,0.0,0.0,0.0,0.0,0.0,0.0,0.0,0.0,0.0,0.0,0.0,0.0,0.0,0.0,0.0,0.0,0.0,0.0,0.0,0.0,0.0
US1NJMS0040,"CHATHAM 0.6 NW","MORRIS","New Jersey",193,40.75,-74.39,0.0,0.0,M,M,M,M,M,M,M,M,M,M,M,0.0,M,M,0.0,M,M,M,0.0,0.0,M,0.0,0.0,0.0,M,0.0,0.0,M,0.0
US1NJMS0060,"CHESTER TWP 0.6 ENE","MORRIS","New Jersey",778,40.78,-74.67,0.0,0.0,M,M,M,M,M,M,M,M,0.0,M,M,M,M,M,0.0,M,M,M,0.0,M,M,M,0.0,0.0,0.0,0.0,M,M,M
US1NJBT0059,"CINNAMINSON TWP 0.7 ESE","BURLINGTON","New Jersey",49,40.00,-74.98,M,M,M,M,M,M,M,M,M,M,M,M,M,M,M,M,M,M,M,M,M,M,M,M,M,M,0.0,M,M,M,M
US1NJHN0003,"CLINTON 1.6 ENE","HUNTERDON","New Jersey",309,40.64,-74.88,0.0,0.0,M,M,M,M,M,M,0.0,0.0,0.0,M,M,0.0,M,M,0.0,M,M,M,0.0,0.0,M,0.0,0.0,0.0,0.0,0.0,0.0,M,M
US1NJHN0018,"CLINTON TWP 3.9 N","HUNTERDON","New Jersey",613,40.69,-74.86,0.0,0.0,M,M,M,0.0,M,M,0.0,0.0,0.0,M,M,0.0,M,M,0.0,M,M,M,0.0,0.0,M,0.0,0.0,0.0,0.0,0.0,0.0,M,0.0
US1NJMN0012,"COLTS NECK TWP 2.4 NW","MONMOUTH","New Jersey",107,40.32,-74.19,0.0,0.0,M,M,M,0.0,M,M,0.0,0.0,0.0,M,M,0.0,M,M,0.0,0.0,M,0.0,0.0,0.0,M,0.0,0.0,0.0,0.0,0.0,0.0,M,0.0
US1NJUN0017,"CRANFORD TWP 1.1 NNW","UNION","New Jersey",72,40.67,-74.31,0.0,M,M,M,M,M,0.0,M,0.0,0.0,M,0.0,M,0.0,0.0,M,0.0,M,M,0.0,0.0,0.0,M,0.0,0.0,0.0,0.0,0.0,0.0,M,0.0
US1NJCM0032,"DENNIS TWP 4.0 ESE","CAPE MAY","New Jersey",19,39.18,-74.75,M,M,M,M,M,M,M,M,M,M,M,M,M,M,M,M,M,M,M,0.0,M,M,M,M,M,M,M,M,M,M,M
US1NJMS0035,"DENVILLE TWP 0.8 N","MORRIS","New Jersey",515,40.90,-74.49,0.0,M,M,M,M,0.0,M,M,0.0,0.0,M,M,M,M,M,M,M,M,M,M,0.0,0.0,M,0.0,0.0,M,0.0,0.0,0.0,M,0.0
US1NJMS0071,"DENVILLE TWP 1.5 ESE","MORRIS","New Jersey",530,40.88,-74.46,0.0,0.0,M,M,M,0.0,M,M,M,0.0,0.0,M,M,0.0,M,M,M,M,M,0.0,M,0.0,M,M,0.0,M,0.0,0.0,M,M,0.0
US1NJMS0031,"DENVILLE TWP 2.0 NNE","MORRIS","New Jersey",780,40.92,-74.48,0.0,0.0,M,M,M,0.0,M,M,0.0,0.0,0.0,M,M,0.0,M,M,0.0,M,M,0.0,0.0,0.0,M,0.0,0.0,0.0,0.0,0.0,0.0,M,0.0
US1NJMD0039,"EAST BRUNSWICK TWP 3.3 NNE","MIDDLESEX","New Jersey",53,40.47,-74.40,M,M,M,M,M,M,M,M,M,0.0,M,M,M,M,M,M,M,M,M,M,M,M,M,M,M,M,M,M,M,M,M
US1NJGL0022,"EAST GREENWICH TWP 0.7 N","GLOUCESTER","New Jersey",43,39.80,-75.24,M,M,M,M,M,0.0,M,M,0.0,0.0,0.0,M,M,0.0,M,M,M,M,M,M,M,M,M,M,M,M,M,M,M,M,M
US1NJMC0038,"EAST WINDSOR TWP 1.6 W","MERCER","New Jersey",109,40.26,-74.56,M,M,M,M,M,M,M,M,0.0,0.0,M,M,M,M,M,M,M,0.0,M,0.0,0.0,0.0,M,0.0,0.0,0.0,M,M,M,M,M
US1NJMN0010,"EATONTOWN 1.2 NE","MONMOUTH","New Jersey",42,40.30,-74.04,0.0,M,M,M,M,0.0,M,M,0.0,0.0,0.0,M,0.0,0.0,M,M,0.0,0.0,M,0.0,0.0,0.0,M,0.0,0.0,0.0,0.0,0.0,0.0,M,0.0
US1NJMD0038,"EDISON TWP 1.9 N","MIDDLESEX","New Jersey",116,40.56,-74.37,0.0,0.0,M,M,M,M,0.0,M,M,0.0,0.0,M,M,0.0,M,M,M,0.0,M,M,0.0,0.0,M,M,0.0,0.0,0.0,0.0,0.0,M,M
US1NJAT0017,"EGG HARBOR CITY 3.6 SW","ATLANTIC","New Jersey",57,39.53,-74.65,0.0,0.0,M,0.0,M,0.0,M,M,M,0.0,0.0,M,M,0.0,M,M,M,M,M,0.0,0.0,0.0,M,0.0,0.0,0.0,0.0,0.0,M,M,M
US1NJAT0013,"EGG HARBOR TWP 1.3 NW","ATLANTIC","New Jersey",54,39.39,-74.62,0.0,0.0,0.0,0.0,0.0,0.0,0.0,0.0,0.0,0.0,0.0,0.0,0.0,0.0,0.0,0.0,0.0,0.0,0.0,0.0,0.0,0.0,0.0,0.0,0.0,0.0,0.0,0.0,0.0,0.0,0.0
US1NJGL0024,"ELK TWP 2.2 NW","GLOUCESTER","New Jersey",81,39.69,-75.19,0.0,0.0,M,M,M,M,M,M,0.0,0.0,0.0,M,0.0,0.0,M,M,M,M,M,M,M,M,M,M,M,M,M,M,M,M,M
USC00282805,"ESTELL MANOR","ATLANTIC","New Jersey",85,39.38,-74.83,0.0,0.0,0.0,0.0,0.0,0.0,0.0,0.0,0.0,0.0,0.0,0.0,0.0,0.0,0.0,0.0,0.0,0.0,0.0,0.0,0.0,0.0,0.0,0.0,0.0,0.0,0.0,0.0,0.0,0.0,0.0
US1NJAT0011,"ESTELL MANOR 4.0 WNW","ATLANTIC","New Jersey",66,39.37,-74.85,0.0,0.0,M,0.0,M,0.0,0.0,M,0.0,0.0,0.0,M,M,0.0,0.0,M,0.0,M,M,0.0,0.0,0.0,0.0,0.0,0.0,0.0,0.0,0.0,M,M,0.0
US1NJAT0015,"ESTELL MANOR 5.2 NE","ATLANTIC","New Jersey",10,39.41,-74.71,0.0,0.0,M,0.0,M,0.0,0.0,M,0.0,0.0,0.0,M,M,0.0,0.0,M,M,0.0,M,0.0,0.0,0.0,0.0,0.0,0.0,0.0,0.0,0.0,M,M,M
US1NJMC0017,"EWING TWP 0.8 ESE","MERCER","New Jersey",100,40.26,-74.79,0.0,0.0,0.0,0.0,0.0,0.0,0.0,0.0,0.0,0.0,0.0,0.0,0.0,0.0,0.0,0.0,0.0,0.0,0.0,0.0,0.0,0.0,0.0,0.0,0.0,0.0,0.0,0.0,0.0,0.0,0.0
US1NJMC0029,"EWING TWP 1.2 N","MERCER","New Jersey",152,40.28,-74.79,M,M,M,M,M,M,M,M,M,0.0,0.0,M,0.0,0.0,M,M,M,0.0,M,0.0,M,M,M,M,M,0.0,0.0,0.0,0.0,M,0.0
US1NJSM0066,"FAR HILLS 1.2 S","SOMERSET","New Jersey",270,40.67,-74.62,0.0,0.0,M,M,M,0.0,M,M,0.0,0.0,0.0,M,M,0.0,M,M,0.0,M,M,0.0,0.0,0.0,M,0.0,0.0,0.0,0.0,0.0,0.0,M,0.0
US1NJHN0015,"FLEMINGTON 0.3 E","HUNTERDON","New Jersey",179,40.51,-74.85,0.0,0.0,0.0,0.0,M,0.0,0.0,0.0,0.0,0.0,0.0,0.0,0.0,0.0,0.0,0.0,0.0,0.0,M,M,M,0.0,0.0,0.0,0.0,0.0,0.0,0.0,0.0,0.0,0.0
US1NJHN0048,"FLEMINGTON 1.9 SE","HUNTERDON","New Jersey",196,40.49,-74.83,M,M,M,M,M,0.0,M,M,0.0,0.0,0.0,M,M,0.0,M,M,M,M,M,M,M,M,M,0.0,0.0,0.0,0.0,0.0,0.0,M,0.0
US1NJHN0010,"FLEMINGTON 2.3 E","HUNTERDON","New Jersey",148,40.51,-74.82,0.0,0.0,M,M,M,0.0,M,M,0.0,0.0,0.0,M,0.0,0.0,M,M,0.0,M,M,0.0,0.0,0.0,M,0.0,M,0.0,0.0,0.0,0.0,M,0.0
USC00283029,"FLEMINGTON 5 NNW","HUNTERDON","New Jersey",265,40.57,-74.88,0.0,0.0,0.0,0.0,0.0,0.0,0.0,0.0,0.0,0.0,0.0,0.0,0.0,0.0,0.0,0.0,0.0,0.0,0.0,0.0,0.0,0.0,0.0,0.0,0.0,0.0,0.0,0.0,0.0,0.0,0.0
US1NJHN0029,"FLEMINGTON 5.2 NE","HUNTERDON","New Jersey",146,40.55,-74.78,0.0,0.0,M,M,M,0.0,M,M,0.0,0.0,0.0,M,M,0.0,M,M,0.0,M,M,0.0,0.0,0.0,M,0.0,0.0,0.0,0.0,0.0,0.0,M,0.0
US1NJMS0049,"FLORHAM PARK 0.2 WNW","MORRIS","New Jersey",205,40.78,-74.40,0.0,0.0,M,M,M,0.0,M,M,0.0,0.0,0.0,M,M,0.0,M,M,0.0,M,M,0.0,0.0,0.0,M,0.0,0.0,0.0,0.0,0.0,0.0,M,0.0
US1NJAT0002,"FOLSOM 3.2 SE","ATLANTIC","New Jersey",46,39.56,-74.80,0.0,0.0,M,0.0,M,0.0,0.0,M,0.0,0.0,M,M,M,M,M,M,0.0,0.0,M,0.0,0.0,0.0,M,0.0,0.0,M,M,M,M,M,M
US1NJSS0034,"FRANKLIN 1.3 NE","SUSSEX","New Jersey",676,41.12,-74.57,M,0.0,M,M,M,0.0,0.0,M,0.0,0.0,0.0,M,0.0,0.0,M,M,0.0,M,M,M,0.0,0.0,M,M,M,0.0,0.0,M,M,M,0.0
USC00283151,"FRANKLIN 2SW","SUSSEX","New Jersey",650,41.11,-74.61,M,M,M,M,M,M,M,M,M,M,M,M,M,M,M,M,0.0,0.0,0.0,0.0,0.0,M,0.0,0.0,M,0.0,0.0,0.0,0.0,0.0,0.0
US1NJHN0033,"FRANKLIN TWP 1.8 NE","HUNTERDON","New Jersey",433,40.58,-74.91,M,M,M,M,M,M,M,M,M,M,M,M,M,M,M,M,M,M,M,M,M,M,M,M,M,M,M,M,0.0,M,M
US1NJSM0067,"FRANKLIN TWP 2.4 ENE","SOMERSET","New Jersey",118,40.49,-74.51,M,M,M,M,M,M,M,M,M,M,M,M,0.0,0.0,M,M,0.0,0.0,M,0.0,0.0,0.0,M,0.0,0.0,0.0,0.0,0.0,0.0,M,0.0
US1NJSM0063,"FRANKLIN TWP 2.7 NE","SOMERSET","New Jersey",94,40.50,-74.51,M,M,M,M,M,M,M,M,M,0.0,M,M,M,0.0,M,M,0.0,M,M,0.0,0.0,0.0,M,0.0,0.0,0.0,0.0,0.0,0.0,M,0.0
US1NJGL0006,"FRANKLIN TWP 2.7 W","GLOUCESTER","New Jersey",91,39.59,-75.07,0.0,0.0,0.0,0.0,0.0,0.0,0.0,0.0,0.0,0.0,0.0,0.0,0.0,0.0,0.0,0.0,0.0,0.0,0.0,0.0,0.0,0.0,0.0,0.0,0.0,0.0,0.0,0.0,0.0,0.0,0.0
US1NJSM0026,"FRANKLIN TWP 3.1 NE","SOMERSET","New Jersey",102,40.51,-74.52,0.0,0.0,M,M,M,0.0,0.0,M,M,0.0,0.0,M,M,0.0,M,M,0.0,0.0,M,0.0,0.0,0.0,M,0.0,0.0,0.0,0.0,0.0,0.0,M,0.0
US1NJSM0012,"FRANKLIN TWP 3.8 ENE","SOMERSET","New Jersey",84,40.50,-74.49,0.0,0.0,0.0,M,0.0,0.0,0.0,0.0,0.0,0.0,0.0,0.0,0.0,0.0,0.0,0.0,0.0,0.0,0.0,0.0,0.0,0.0,0.0,0.0,0.0,0.0,0.0,0.0,0.0,0.0,0.0
US1NJSM0064,"FRANKLIN TWP 3.9 NNW","SOMERSET","New Jersey",78,40.53,-74.57,M,M,M,M,M,0.0,M,M,M,M,M,M,M,M,M,M,0.0,M,M,M,M,M,M,0.0,M,M,M,M,M,M,M
US1NJSM0056,"FRANKLIN TWP 5.9 SW","SOMERSET","New Jersey",159,40.41,-74.62,0.0,0.0,M,M,M,M,M,M,0.0,0.0,0.0,M,M,M,M,M,M,M,M,M,M,M,M,0.0,0.0,0.0,0.0,0.0,0.0,M,0.0
USC00283181,"FREEHOLD-MARLBORO","MONMOUTH","New Jersey",194,40.31,-74.25,0.0,0.0,0.0,0.0,0.0,0.0,0.0,0.0,0.0,0.0,0.0,0.0,0.0,0.0,0.0,0.0,0.0,0.0,0.0,0.0,0.0,0.0,0.0,0.0,0.0,0.0,0.0,0.0,0.0,0.0,0.0
US1NJHN0031,"FRENCHTOWN 0.5 N","HUNTERDON","New Jersey",290,40.53,-75.06,0.0,0.0,M,M,M,M,M,M,M,M,M,M,M,0.0,M,M,M,M,M,M,0.0,0.0,M,M,M,M,M,0.0,M,M,M
US1NJBG0017,"GLEN ROCK 0.7 SSE","BERGEN","New Jersey",92,40.95,-74.12,0.0,0.0,M,M,M,0.0,M,M,0.0,0.0,0.0,M,0.0,0.0,M,M,0.0,M,M,M,M,M,M,M,M,M,M,0.0,0.0,M,0.0
US1NJWR0001,"GREENWICH TWP 1.6 S","WARREN","New Jersey",389,40.66,-75.12,M,M,M,M,M,M,M,M,M,0.0,M,M,M,M,M,M,0.0,M,M,M,0.0,M,M,M,M,M,M,0.0,0.0,M,0.0
US1NJWR0005,"HACKETTSTOWN 0.8 W","WARREN","New Jersey",558,40.85,-74.84,0.0,M,M,M,M,0.0,M,M,0.0,0.0,0.0,M,M,0.0,M,M,0.0,M,M,M,0.0,0.0,M,0.0,0.0,0.0,0.0,0.0,0.0,M,0.0
US1NJBT0062,"HAINESPORT TWP 0.9 SW","BURLINGTON","New Jersey",52,39.97,-74.85,0.0,0.0,M,M,M,0.0,M,M,0.0,0.0,0.0,M,0.0,0.0,M,M,0.0,0.0,M,M,M,M,M,M,M,M,M,0.0,0.0,M,0.0
USC00283662,"HAMMONTON 1 NE","ATLANTIC","New Jersey",125,39.64,-74.80,0.0,0.0,0.0,0.0,0.0,0.0,0.0,0.0,0.0,0.0,0.0,0.0,0.0,0.0,0.0,0.0,0.0,0.0,0.0,0.0,0.0,0.0,0.0,0.0,0.0,0.0,0.0,0.0,0.0,0.0,0.0
US1NJAT0005,"HAMMONTON 3.3 WSW","ATLANTIC","New Jersey",98,39.64,-74.83,0.0,0.0,M,0.0,M,0.0,M,M,0.0,0.0,0.0,M,M,0.0,M,M,0.0,M,M,M,0.0,0.0,M,0.0,0.0,0.0,0.0,0.0,M,M,0.0
US1NJWR0022,"HARDWICK TWP 3.6 E","WARREN","New Jersey",678,41.02,-74.92,0.0,0.0,M,M,M,0.0,M,M,0.0,0.0,0.0,M,0.0,0.0,M,0.0,0.0,M,M,0.0,0.0,0.0,M,0.0,0.0,0.0,0.0,0.0,0.0,M,M
US1NJSS0007,"HARDYSTON TWP 3.2 SE","SUSSEX","New Jersey",1061,41.09,-74.54,0.0,0.0,M,M,M,M,M,M,M,0.0,0.0,M,0.0,0.0,M,M,0.0,M,M,M,0.0,0.0,M,0.0,0.0,0.0,0.0,0.0,0.0,M,0.0
USC00283704,"HARRISON","HUDSON","New Jersey",24,40.75,-74.15,0.0,0.0,0.0,0.0,0.0,0.0,0.0,0.0,0.0,0.0,0.0,0.0,0.0,0.0,0.0,0.0,0.0,0.0,0.0,0.0,0.0,0.0,0.0,0.0,0.0,0.0,0.0,0.0,0.0,0.0,0.0
US1NJPS0005,"HAWTHORNE 0.4 S","PASSAIC","New Jersey",80,40.95,-74.16,0.0,0.0,M,0.0,M,0.0,0.0,M,0.0,0.0,0.0,M,0.0,0.0,M,0.0,0.0,M,M,0.0,0.0,0.0,M,0.0,0.0,0.0,0.0,0.0,0.0,M,0.0
US1NJPS0014,"HAWTHORNE 1.0 SSE","PASSAIC","New Jersey",59,40.94,-74.15,0.0,0.0,M,0.0,M,0.0,0.0,M,M,0.0,0.0,M,M,0.0,M,M,0.0,M,M,0.0,0.0,0.0,M,0.0,0.0,0.0,0.0,0.0,0.0,M,0.0
USC00283706,"HIGHLAND LAKES 1SW","SUSSEX","New Jersey",1363,41.16,-74.46,0.0,0.0,0.0,0.0,0.0,0.0,0.0,0.0,0.0,0.0,0.0,0.0,0.0,0.0,0.0,0.0,0.0,0.0,0.0,0.0,0.0,0.0,0.0,0.0,0.0,0.0,0.0,0.0,0.0,0.0,0.0
USC00283951,"HIGHTSTOWN 2 W","MERCER","New Jersey",100,40.27,-74.56,0.0,0.0,0.0,0.0,0.0,0.0,0.0,0.0,0.0,0.0,0.0,0.0,0.0,0.0,0.0,0.0,0.0,0.0,0.0,0.0,0.0,0.0,0.0,0.0,0.0,0.0,0.0,0.0,0.0,0.0,0.0
US1NJSM0062,"HILLSBOROUGH TWP 2.0 NE","SOMERSET","New Jersey",106,40.52,-74.65,0.0,0.0,M,M,M,0.0,M,M,0.0,0.0,0.0,M,M,0.0,M,M,0.0,M,M,0.0,0.0,0.0,M,0.0,M,0.0,0.0,M,M,M,M
US1NJSM0033,"HILLSBOROUGH TWP 2.4 NW","SOMERSET","New Jersey",83,40.52,-74.70,0.0,0.0,M,M,M,0.0,M,M,0.0,0.0,0.0,M,M,0.0,M,M,0.0,M,M,0.0,0.0,0.0,M,0.0,0.0,0.0,0.0,0.0,0.0,M,0.0
US1NJSM0065,"HILLSBOROUGH TWP 3.5 SE","SOMERSET","New Jersey",114,40.47,-74.62,0.0,0.0,0.0,0.0,0.0,0.0,0.0,0.0,0.0,0.0,0.0,0.0,0.0,0.0,0.0,0.0,0.0,0.0,0.0,0.0,0.0,0.0,0.0,0.0,0.0,0.0,0.0,0.0,0.0,0.0,0.0
US1NJSM0001,"HILLSBOROUGH TWP 4.7 ESE","SOMERSET","New Jersey",98,40.47,-74.59,0.0,0.0,M,M,M,0.0,M,M,0.0,0.0,0.0,M,M,0.0,M,M,0.0,0.0,M,0.0,0.0,0.0,M,0.0,0.0,0.0,0.0,0.0,0.0,M,0.0
US1NJHN0012,"HOLLAND TWP 2.6 NNE","HUNTERDON","New Jersey",784,40.63,-75.10,0.0,M,M,M,M,M,M,M,M,M,M,M,M,0.0,M,M,0.0,M,M,M,M,0.0,M,0.0,0.0,0.0,0.0,0.0,0.0,M,0.0
US1NJMC0046,"HOPEWELL 0.4 SSW","MERCER","New Jersey",212,40.38,-74.77,0.0,0.0,M,M,M,0.0,M,M,M,0.0,0.0,M,M,M,M,M,0.0,0.0,M,M,M,M,M,0.0,0.0,0.0,M,0.0,0.0,M,M
US1NJMC0027,"HOPEWELL TWP 2.4 NW","MERCER","New Jersey",265,40.37,-74.83,0.0,0.0,M,M,M,0.0,0.0,M,0.0,0.0,0.0,0.0,M,0.0,M,M,0.0,0.0,M,0.0,0.0,0.0,M,0.0,M,0.0,0.0,0.0,0.0,M,0.0
US1NJMC0030,"HOPEWELL TWP 3.9 SE","MERCER","New Jersey",201,40.30,-74.76,M,M,M,M,M,M,M,M,0.0,0.0,0.0,M,M,0.0,M,M,0.0,0.0,M,0.0,0.0,M,M,0.0,M,0.0,0.0,0.0,0.0,M,0.0
US1NJMC0023,"HOPEWELL TWP 4.6 SW","MERCER","New Jersey",60,40.30,-74.87,M,M,M,M,M,M,M,M,M,M,M,M,M,M,M,M,0.0,M,M,0.0,0.0,M,M,0.0,M,0.0,0.0,0.0,0.0,M,M
US1NJMN0017,"HOWELL TWP 2.5 W","MONMOUTH","New Jersey",142,40.18,-74.24,0.0,0.0,M,M,M,0.0,M,M,0.0,0.0,0.0,M,M,0.0,M,M,0.0,0.0,M,0.0,0.0,M,M,0.0,M,0.0,0.0,0.0,0.0,M,0.0
US1NJMN0064,"HOWELL TWP 3.7 SSW","MONMOUTH","New Jersey",97,40.13,-74.21,0.0,0.0,M,M,M,0.0,0.0,M,0.0,0.0,0.0,M,M,0.0,M,M,0.0,M,M,0.0,0.0,0.0,M,0.0,0.0,0.0,0.0,0.0,0.0,M,0.0
USC00284229,"INDIAN MILLS 2 W","BURLINGTON","New Jersey",100,39.80,-74.78,0.0,0.0,0.0,0.0,0.0,M,0.0,0.0,0.0,0.0,0.0,0.0,0.0,0.0,0.0,0.0,0.0,0.0,0.0,0.0,0.0,0.0,0.0,0.0,0.0,0.0,0.0,0.0,0.0,0.0,0.0
US1NJOC0053,"JACKSON TWP 2.2 S","OCEAN","New Jersey",123,40.07,-74.36,M,M,M,M,M,M,M,M,0.0,0.0,0.0,M,M,0.0,M,M,0.0,0.0,0.0,0.0,0.0,M,M,0.0,0.0,0.0,0.0,0.0,0.0,M,M
US1NJOC0068,"JACKSON TWP 4.9 ENE","OCEAN","New Jersey",90,40.13,-74.27,M,M,M,M,M,M,M,M,M,M,M,M,M,M,M,M,M,M,M,M,M,M,M,M,M,M,M,M,M,M,0.0
US1NJMS0018,"JEFFERSON TWP 2.4 ENE","MORRIS","New Jersey",781,41.01,-74.51,0.0,0.0,M,M,M,0.0,M,M,0.0,0.0,0.0,M,M,0.0,M,M,0.0,M,M,M,0.0,0.0,M,0.0,0.0,0.0,0.0,0.0,0.0,M,0.0
US1NJHD0002,"KEARNY 1.7 NW","HUDSON","New Jersey",95,40.77,-74.14,0.0,M,M,M,M,M,0.0,M,0.0,0.0,0.0,M,M,0.0,0.0,M,0.0,0.0,M,0.0,0.0,0.0,M,0.0,0.0,0.0,0.0,0.0,0.0,M,M
US1NJHN0022,"KINGWOOD TWP 2.5 S","HUNTERDON","New Jersey",516,40.45,-75.01,0.0,0.0,M,M,M,M,M,M,M,M,M,M,M,M,M,M,M,M,M,M,M,M,M,0.0,0.0,0.0,0.0,0.0,0.0,M,0.0
US1NJOC0017,"LACEY TWP 6.3 E","OCEAN","New Jersey",2,39.86,-74.14,0.0,0.0,M,0.0,M,M,0.0,M,0.0,0.0,0.0,M,M,0.0,M,M,0.0,0.0,M,0.0,0.0,0.0,M,0.0,0.0,0.0,0.0,0.0,0.0,M,M
US1NJOC0037,"LAKEWOOD TWP 2.3 NE","OCEAN","New Jersey",41,40.10,-74.17,0.0,0.0,M,M,M,M,M,M,M,0.0,0.0,M,M,0.0,M,M,0.0,0.0,M,0.0,0.0,M,M,0.0,0.0,0.0,0.0,0.0,0.0,M,M
USC00284635,"LAMBERTVILLE","HUNTERDON","New Jersey",68,40.36,-74.94,0.0,0.0,0.0,0.0,0.0,0.0,0.0,0.0,0.0,0.0,0.0,0.0,0.0,0.0,0.0,0.0,0.0,0.0,0.0,0.0,0.0,0.0,0.0,0.0,0.0,0.0,0.0,0.0,0.0,0.0,0.0
US1NJHN0042,"LAMBERTVILLE 0.6 SSE","HUNTERDON","New Jersey",267,40.36,-74.94,0.0,0.0,M,M,M,0.0,M,M,0.0,0.0,0.0,M,M,0.0,M,M,M,M,M,0.0,0.0,0.0,M,0.0,0.0,0.0,0.0,0.0,0.0,M,0.0
US1NJMC0040,"LAWRENCE TWP 0.8 ESE","MERCER","New Jersey",86,40.29,-74.71,M,M,M,M,M,M,M,M,M,M,M,M,M,M,M,M,0.0,M,M,0.0,0.0,M,M,0.0,M,0.0,0.0,0.0,0.0,M,M
US1NJMC0022,"LAWRENCE TWP 1.6 S","MERCER","New Jersey",78,40.27,-74.72,M,M,M,M,M,M,M,M,M,M,M,M,M,M,M,M,M,M,M,0.0,M,M,M,M,M,M,M,M,M,M,M
US1NJMC0009,"LAWRENCE TWP 1.8 SSW","MERCER","New Jersey",101,40.27,-74.73,0.0,0.0,0.0,0.0,0.0,0.0,0.0,0.0,0.0,0.0,0.0,0.0,0.0,M,M,M,M,M,M,M,M,M,M,0.0,0.0,0.0,0.0,0.0,0.0,0.0,M
US1NJHN0035,"LEBANON 0.4 SE","HUNTERDON","New Jersey",244,40.64,-74.83,0.0,M,M,M,M,M,M,M,0.0,M,M,M,M,M,M,M,0.0,M,M,0.0,0.0,0.0,M,M,M,0.0,M,M,M,M,M
US1NJHN0025,"LEBANON 0.5 E","HUNTERDON","New Jersey",216,40.64,-74.82,M,M,M,0.0,M,M,M,M,M,M,M,M,M,M,M,M,M,M,M,M,M,M,M,M,M,M,M,M,M,M,M
US1NJHN0021,"LEBANON 2.8 N","HUNTERDON","New Jersey",636,40.68,-74.84,0.0,0.0,M,M,M,M,0.0,M,0.0,0.0,0.0,M,M,0.0,M,M,0.0,0.0,M,M,0.0,0.0,M,0.0,0.0,0.0,0.0,0.0,0.0,M,0.0
US1NJHN0019,"LEBANON 3.2 SW","HUNTERDON","New Jersey",275,40.61,-74.87,M,M,M,M,M,0.0,M,M,0.0,0.0,0.0,M,M,0.0,M,M,0.0,M,M,0.0,0.0,0.0,M,0.0,0.0,0.0,0.0,0.0,0.0,M,0.0
US1NJWR0007,"LIBERTY TWP 1.0 S","WARREN","New Jersey",946,40.85,-74.95,0.0,M,M,M,M,0.0,M,M,0.0,0.0,0.0,M,M,0.0,M,M,0.0,M,M,M,0.0,M,M,0.0,0.0,0.0,0.0,0.0,0.0,M,0.0
US1NJUN0003,"LINDEN 2.2 NW","UNION","New Jersey",65,40.64,-74.27,M,M,M,M,M,M,M,M,M,M,M,M,M,0.0,M,M,0.0,M,M,0.0,0.0,0.0,M,0.0,0.0,0.0,0.0,0.0,0.0,M,0.0
US1NJAT0009,"LINWOOD 0.7 SSW","ATLANTIC","New Jersey",19,39.33,-74.58,0.0,0.0,0.0,0.0,0.0,0.0,0.0,0.0,0.0,0.0,0.0,0.0,0.0,0.0,0.0,0.0,0.0,0.0,0.0,0.0,0.0,0.0,0.0,0.0,0.0,0.0,0.0,0.0,M,M,0.0
US1NJOC0036,"LITTLE EGG HARBOR TWP 5.4 N","OCEAN","New Jersey",42,39.67,-74.35,0.0,0.0,M,0.0,0.0,M,0.0,0.0,0.0,0.0,0.0,M,M,0.0,M,M,M,0.0,M,0.0,0.0,0.0,M,0.0,0.0,0.0,0.0,0.0,0.0,M,0.0
US1NJPS0012,"LITTLE FALLS TWP 0.5 WNW","PASSAIC","New Jersey",192,40.88,-74.23,0.0,0.0,M,0.0,0.0,0.0,0.0,0.0,0.0,0.0,0.0,0.0,0.0,0.0,0.0,0.0,0.0,0.0,0.0,0.0,0.0,0.0,0.0,0.0,0.0,0.0,0.0,0.0,0.0,0.0,0.0
US1NJMN0048,"LONG BRANCH 0.5 W","MONMOUTH","New Jersey",26,40.30,-74.00,M,M,M,M,M,M,M,M,M,M,M,M,M,M,M,M,0.0,0.0,M,0.0,0.0,M,M,M,M,M,M,M,M,M,M
US1NJMN0069,"LONG BRANCH 1.7 SSW","MONMOUTH","New Jersey",31,40.28,-74.01,M,M,M,M,M,M,M,M,M,M,M,M,M,M,M,M,M,M,M,M,0.0,0.0,M,M,M,0.0,0.0,M,M,M,M
US1NJMS0072,"LONG HILL TWP 1.4 WSW","MORRIS","New Jersey",333,40.68,-74.51,M,M,M,M,M,0.0,M,M,0.0,0.0,0.0,M,M,M,M,M,M,M,M,0.0,M,0.0,M,M,M,M,M,0.0,0.0,M,M
US1NJMS0019,"LONG HILL TWP 1.8 WSW","MORRIS","New Jersey",282,40.67,-74.52,0.0,0.0,M,M,M,0.0,M,M,0.0,0.0,0.0,M,0.0,0.0,M,M,0.0,M,M,0.0,0.0,0.0,M,0.0,0.0,0.0,0.0,0.0,0.0,M,0.0
US1NJCM0040,"LOWER TWP 2.4 W","CAPE MAY","New Jersey",16,38.98,-74.95,0.0,0.0,M,M,0.0,0.0,M,M,0.0,0.0,0.0,M,M,0.0,M,M,0.0,0.0,M,M,0.0,0.0,0.0,0.0,0.0,0.0,0.0,0.0,M,M,0.0
US1NJCM0035,"LOWER TWP 3.0 WSW","CAPE MAY","New Jersey",16,38.96,-74.96,M,M,M,M,M,0.0,0.0,M,M,M,M,M,M,M,M,M,M,M,M,M,M,M,M,M,0.0,0.0,0.0,0.0,M,M,M
US1NJMS0059,"MADISON 0.8 WSW","MORRIS","New Jersey",357,40.75,-74.43,0.0,0.0,0.0,0.0,0.0,0.0,0.0,0.0,0.0,0.0,0.0,0.0,0.0,0.0,0.0,0.0,0.0,0.0,0.0,M,M,M,M,M,0.0,0.0,0.0,0.0,0.0,0.0,0.0
US1NJOC0071,"MANCHESTER TWP 5.6 NE","OCEAN","New Jersey",80,40.02,-74.30,0.0,0.0,M,0.0,M,M,M,M,0.0,0.0,0.0,M,M,0.0,M,M,0.0,0.0,M,M,M,M,M,M,M,0.0,0.0,0.0,0.0,M,0.0
US1NJWR0017,"MANSFIELD TWP 2.6 WNW","WARREN","New Jersey",603,40.82,-74.96,M,M,M,M,M,0.0,M,M,0.0,0.0,0.0,M,0.0,0.0,M,0.0,0.0,M,M,M,0.0,M,M,0.0,0.0,0.0,0.0,0.0,0.0,M,0.0
US1NJSM0061,"MANVILLE 0.3 SSW","SOMERSET","New Jersey",45,40.54,-74.59,M,0.0,M,M,M,M,M,M,M,M,M,M,M,0.0,M,M,M,M,M,M,0.0,M,M,M,M,0.0,M,M,M,M,M
US1NJSM0068,"MANVILLE 0.6 W","SOMERSET","New Jersey",61,40.54,-74.60,M,0.0,M,M,M,M,M,M,0.0,0.0,0.0,M,M,0.0,M,M,0.0,0.0,M,0.0,0.0,0.0,M,0.0,0.0,0.0,0.0,0.0,0.0,M,0.0
US1NJES0018,"MAPLEWOOD TWP 0.9 SE","ESSEX","New Jersey",238,40.72,-74.26,0.0,0.0,M,M,M,M,M,M,M,0.0,0.0,M,M,0.0,M,M,0.0,M,M,M,0.0,0.0,M,M,0.0,0.0,0.0,0.0,0.0,M,0.0
USC00285243,"MARGATE","ATLANTIC","New Jersey",16,39.34,-74.50,0.0,0.0,0.0,0.0,0.0,0.0,0.0,0.0,0.0,0.0,0.0,0.0,0.0,0.0,0.0,0.0,0.0,0.0,0.0,0.0,0.0,0.0,0.0,0.0,0.0,0.0,0.0,0.0,0.0,0.0,0.0
USC00285346,"MAYS LANDING 1 W","ATLANTIC","New Jersey",28,39.45,-74.75,0.0,0.0,0.0,0.0,M,M,0.0,0.0,0.0,0.0,0.0,M,M,0.0,0.0,0.0,0.0,0.0,M,M,0.0,0.0,0.0,0.0,0.0,M,M,0.0,0.0,0.0,0.0
US1NJBT0028,"MEDFORD LAKES 0.6 W","BURLINGTON","New Jersey",70,39.86,-74.82,0.0,0.0,M,M,M,0.0,M,M,0.0,0.0,0.0,M,M,0.0,M,M,0.0,M,M,0.0,0.0,0.0,M,0.0,0.0,0.0,0.0,0.0,M,M,0.0
US1NJBT0005,"MEDFORD TWP 2.4 SSE","BURLINGTON","New Jersey",127,39.83,-74.81,0.0,0.0,M,M,M,0.0,M,M,0.0,0.0,0.0,M,0.0,0.0,M,M,0.0,M,M,0.0,0.0,0.0,M,0.0,0.0,0.0,0.0,0.0,M,M,0.0
US1NJMS0082,"MENDHAM 1.5 W","MORRIS","New Jersey",410,40.77,-74.63,0.0,0.0,M,M,M,0.0,M,M,0.0,0.0,0.0,M,M,M,M,M,M,M,M,M,M,M,M,M,M,M,M,M,0.0,M,0.0
US1NJCM0029,"MIDDLE TWP 3.3 NNW","CAPE MAY","New Jersey",9,39.13,-74.85,0.0,0.0,M,M,0.0,0.0,M,M,M,0.0,0.0,M,M,0.0,M,M,0.0,0.0,M,0.0,0.0,0.0,0.0,M,0.0,0.0,0.0,0.0,M,M,M
US1NJCM0034,"MIDDLE TWP 4.2 NNW","CAPE MAY","New Jersey",13,39.14,-74.85,0.0,0.0,M,M,0.0,0.0,0.0,M,0.0,0.0,0.0,M,M,0.0,0.0,M,0.0,0.0,M,0.0,0.0,0.0,M,0.0,0.0,0.0,0.0,0.0,M,M,0.0
US1NJCM0002,"MIDDLE TWP 4.4 SW","CAPE MAY","New Jersey",16,39.04,-74.89,0.0,0.0,M,M,0.0,0.0,0.0,M,0.0,0.0,0.0,M,M,0.0,M,M,0.0,0.0,M,0.0,0.0,0.0,0.0,0.0,M,0.0,0.0,0.0,M,M,0.0
US1NJMN0011,"MIDDLETOWN TWP 3.6 NW","MONMOUTH","New Jersey",16,40.43,-74.12,0.0,M,M,M,M,M,M,M,M,M,M,M,M,M,M,M,M,M,M,M,M,M,M,M,M,M,M,M,M,M,M
US1NJES0027,"MILLBURN TWP 1.6 SE","ESSEX","New Jersey",144,40.72,-74.30,M,M,M,M,M,M,M,M,M,M,M,M,M,M,M,M,M,M,M,M,0.0,M,M,M,M,M,M,M,M,M,M
US1NJMS0023,"MINE HILL TWP 0.4 NE","MORRIS","New Jersey",892,40.88,-74.59,0.0,0.0,M,M,M,0.0,M,M,M,0.0,0.0,M,0.0,0.0,M,0.0,0.0,M,M,0.0,0.0,0.0,M,0.0,0.0,0.0,0.0,0.0,0.0,M,0.0
US1NJMS0063,"MINE HILL TWP 1.1 ENE","MORRIS","New Jersey",866,40.88,-74.58,M,M,M,M,M,0.0,M,M,M,M,M,M,0.0,M,M,M,M,M,M,0.0,M,M,M,M,M,M,M,M,M,M,M
US1NJGL0041,"MONROE TWP 1.8 SE","GLOUCESTER","New Jersey",103,39.64,-74.95,0.0,0.0,M,M,M,0.0,0.0,M,0.0,0.0,0.0,M,M,0.0,M,M,M,M,M,M,M,M,M,0.0,0.0,0.0,0.0,0.0,M,M,M
US1NJGL0037,"MONROE TWP 3.1 NNW","GLOUCESTER","New Jersey",148,39.70,-75.00,0.0,0.0,0.0,0.0,0.0,0.0,0.0,0.0,0.0,0.0,0.0,0.0,0.0,0.0,0.0,0.0,0.0,0.0,0.0,0.0,0.0,0.0,0.0,0.0,0.0,0.0,0.0,0.0,0.0,0.0,0.0
US1NJSS0028,"MONTAGUE TWP 2.7 WNW","SUSSEX","New Jersey",650,41.30,-74.78,M,M,M,M,M,0.0,M,M,M,0.0,0.0,M,M,0.0,M,M,0.0,M,M,M,0.0,M,M,M,0.0,0.0,0.0,0.0,0.0,M,0.0
US1NJSM0022,"MONTGOMERY TWP 2.3 S","SOMERSET","New Jersey",100,40.39,-74.68,M,M,M,M,M,M,M,M,0.0,0.0,0.0,M,M,0.0,M,M,0.0,M,M,M,M,M,M,M,M,0.0,0.0,0.0,0.0,M,0.0
US1NJSM0021,"MONTGOMERY TWP 3.0 NE","SOMERSET","New Jersey",91,40.46,-74.64,0.0,0.0,M,M,M,0.0,M,M,M,0.0,0.0,M,M,0.0,M,M,0.0,M,M,0.0,0.0,0.0,M,0.0,0.0,0.0,0.0,0.0,0.0,M,0.0
US1NJBT0006,"MOORESTOWN TWP 0.6 SE","BURLINGTON","New Jersey",78,39.97,-74.93,0.0,M,M,M,M,0.0,M,M,0.0,0.0,0.0,M,0.0,0.0,M,M,0.0,M,M,0.0,0.0,0.0,M,0.0,0.0,0.0,0.0,0.0,M,M,0.0
US1NJBT0061,"MOORESTOWN TWP 1.0 SSW","BURLINGTON","New Jersey",77,39.96,-74.95,M,M,M,M,M,M,M,M,M,M,M,M,M,0.0,M,M,M,M,M,M,M,M,M,M,0.0,0.0,0.0,0.0,M,M,M
US1NJMS0003,"MORRIS TWP 0.8 NW","MORRIS","New Jersey",437,40.81,-74.50,0.0,0.0,M,M,M,0.0,0.0,M,0.0,0.0,0.0,M,0.0,0.0,M,M,0.0,M,M,0.0,0.0,0.0,M,0.0,0.0,0.0,0.0,0.0,0.0,M,0.0
US1NJMS0047,"MORRISTOWN 1.4 E","MORRIS","New Jersey",388,40.79,-74.45,M,M,M,M,M,M,M,M,M,M,M,M,M,M,M,M,M,M,M,M,M,M,M,M,M,M,M,M,0.0,M,M
US1NJMS0087,"MOUNT ARLINGTON 0.8 S","MORRIS","New Jersey",1062,40.91,-74.64,0.0,0.0,M,M,M,0.0,M,M,0.0,0.0,0.0,M,0.0,0.0,M,M,0.0,M,M,0.0,0.0,0.0,M,0.0,0.0,0.0,0.0,0.0,0.0,M,0.0
US1NJCN0024,"MOUNT EPHRAIM 0.2 NNE","CAMDEN","New Jersey",25,39.88,-75.09,0.0,0.0,M,M,M,0.0,M,M,0.0,M,M,M,M,M,M,M,0.0,M,M,0.0,M,M,M,0.0,0.0,M,M,M,M,M,M
US1NJBT0004,"MOUNT LAUREL TWP 2.5 ENE","BURLINGTON","New Jersey",33,39.97,-74.86,0.0,0.0,0.0,0.0,0.0,0.0,0.0,0.0,0.0,0.0,0.0,0.0,0.0,0.0,0.0,0.0,0.0,0.0,0.0,0.0,0.0,0.0,0.0,0.0,0.0,0.0,0.0,0.0,0.0,0.0,0.0
US1NJMS0054,"MOUNT OLIVE TWP 0.6 W","MORRIS","New Jersey",963,40.87,-74.75,0.0,0.0,M,M,M,0.0,M,M,0.0,0.0,0.0,M,0.0,0.0,M,0.0,0.0,M,M,0.0,0.0,0.0,M,0.0,0.0,0.0,0.0,0.0,0.0,M,0.0
US1NJMD0028,"NEW BRUNSWICK 0.3 NE","MIDDLESEX","New Jersey",41,40.49,-74.44,0.0,0.0,M,M,M,M,M,M,M,0.0,0.0,M,M,0.0,M,M,M,M,M,0.0,0.0,0.0,M,0.0,0.0,0.0,0.0,0.0,M,M,0.0
US1NJMD0070,"NEW BRUNSWICK 1.8 E","MIDDLESEX","New Jersey",63,40.48,-74.41,0.0,0.0,M,M,M,M,M,M,M,0.0,0.0,M,M,0.0,M,M,0.0,0.0,M,M,M,M,M,M,0.0,0.0,0.0,0.0,0.0,M,M
USC00286055,"NEW BRUNSWICK 3 SE","MIDDLESEX","New Jersey",111,40.47,-74.42,0.0,0.0,0.0,0.0,0.0,0.0,0.0,0.0,0.0,0.0,0.0,0.0,0.0,0.0,0.0,0.0,0.0,0.0,0.0,0.0,0.0,0.0,0.0,0.0,0.0,0.0,0.0,0.0,0.0,0.0,0.0
US1NJUN0010,"NEW PROVIDENCE 0.8 ESE","UNION","New Jersey",371,40.69,-74.39,0.0,0.0,M,M,M,0.0,M,M,0.0,0.0,0.0,M,M,0.0,M,M,0.0,M,M,0.0,0.0,0.0,M,0.0,0.0,0.0,0.0,0.0,0.0,M,0.0
USW00014734,"NEWARK LIBERTY INTL AP","UNION","New Jersey",7,40.68,-74.17,0.0,0.0,0.0,0.0,0.0,0.0,0.0,0.0,0.0,0.0,0.0,0.0,0.0,0.0,0.0,0.0,0.0,0.0,0.0,0.0,0.0,0.0,0.0,0.0,0.0,0.0,0.0,0.0,0.0,0.0,0.0
US1NJBG0015,"NORTH ARLINGTON 0.7 WNW","BERGEN","New Jersey",58,40.79,-74.14,0.0,0.0,M,M,M,0.0,M,M,0.0,0.0,0.0,M,0.0,0.0,M,M,M,M,M,M,0.0,0.0,M,M,0.0,0.0,0.0,0.0,0.0,M,M
US1NJMD0002,"NORTH BRUNSWICK TWP 1.5 W","MIDDLESEX","New Jersey",107,40.45,-74.51,0.0,0.0,0.0,M,M,M,M,M,0.0,0.0,0.0,0.0,0.0,0.0,0.0,0.0,0.0,M,M,M,M,M,M,0.0,0.0,0.0,0.0,0.0,0.0,0.0,0.0
USC00286460,"OAK RIDGE RESERVOIR","MORRIS","New Jersey",847,41.04,-74.50,0.0,0.0,0.0,0.0,M,M,0.0,0.0,0.0,0.0,0.0,M,M,0.0,0.0,0.0,0.0,0.0,M,M,0.0,0.0,0.0,0.0,0.0,M,M,0.0,0.0,0.0,0.0
US1NJBG0030,"OAKLAND 1.0 ESE","BERGEN","New Jersey",359,41.03,-74.22,M,M,M,M,M,M,M,M,M,M,M,M,M,M,M,M,M,M,M,M,M,M,M,M,M,M,M,M,0.0,M,M
US1NJCM0038,"OCEAN CITY 1.6 SW","CAPE MAY","New Jersey",5,39.25,-74.62,0.0,0.0,0.0,0.0,0.0,0.0,0.0,0.0,0.0,0.0,0.0,0.0,0.0,0.0,0.0,0.0,0.0,0.0,0.0,0.0,0.0,0.0,0.0,0.0,0.0,0.0,0.0,0.0,0.0,0.0,0.0
US1NJCM0036,"OCEAN CITY 2.1 NE","CAPE MAY","New Jersey",4,39.29,-74.57,M,0.0,M,0.0,0.0,0.0,0.0,M,0.0,0.0,0.0,M,M,0.0,M,M,0.0,M,0.0,0.0,0.0,0.0,0.0,0.0,M,0.0,0.0,0.0,M,M,0.0
US1NJMD0062,"OLD BRIDGE TWP 5.1 NE","MIDDLESEX","New Jersey",25,40.46,-74.24,0.0,M,M,M,M,M,0.0,M,0.0,0.0,0.0,M,0.0,0.0,M,M,0.0,0.0,M,0.0,0.0,0.0,M,0.0,0.0,0.0,0.0,0.0,0.0,M,0.0
US1NJWR0020,"OXFORD TWP 0.6 SSW","WARREN","New Jersey",499,40.80,-75.00,0.0,M,M,M,M,0.0,M,M,0.0,0.0,0.0,M,M,0.0,M,0.0,0.0,M,M,0.0,0.0,M,M,0.0,0.0,0.0,0.0,0.0,0.0,M,0.0
US1NJBG0018,"PALISADES PARK 0.2 WNW","BERGEN","New Jersey",70,40.85,-74.00,0.0,0.0,M,M,M,0.0,M,M,0.0,0.0,0.0,M,M,0.0,M,M,M,M,M,M,0.0,0.0,M,0.0,0.0,0.0,0.0,0.0,0.0,M,0.0
US1NJMS0089,"PARSIPPANY-TROY HILLS TWP 1.3 NE","MORRIS","New Jersey",340,40.87,-74.41,0.0,0.0,0.0,0.0,0.0,0.0,0.0,0.0,0.0,0.0,0.0,0.0,0.0,0.0,0.0,0.0,0.0,0.0,0.0,0.0,0.0,0.0,0.0,0.0,0.0,M,M,0.0,0.0,0.0,0.0
US1NJSM0031,"PEAPACK-GLADSTONE 1.3 NNE","SOMERSET","New Jersey",443,40.73,-74.65,0.0,0.0,M,M,M,0.0,M,M,0.0,0.0,0.0,M,M,M,M,0.0,0.0,M,M,0.0,0.0,0.0,M,0.0,0.0,M,0.0,0.0,0.0,M,0.0
US1NJMC0001,"PENNINGTON 0.5 ENE","MERCER","New Jersey",176,40.33,-74.78,0.0,0.0,M,M,M,0.0,M,M,M,M,M,M,M,M,M,M,M,M,M,M,M,M,M,0.0,M,0.0,0.0,0.0,0.0,M,M
USC00286864,"PENNSAUKEN 1N","CAMDEN","New Jersey",46,39.97,-75.02,0.0,0.0,0.0,0.0,0.0,0.0,0.0,0.0,0.0,0.0,0.0,0.0,0.0,0.0,0.0,0.0,0.0,0.0,0.0,0.0,0.0,0.0,0.0,0.0,0.0,0.0,0.0,0.0,0.0,0.0,0.0
USC00286964,"PHILADELPHIA/MT. HOLLY WFO","BURLINGTON","New Jersey",63,40.01,-74.82,0.0,0.0,0.0,0.0,0.0,0.0,0.0,0.0,0.0,0.0,0.0,0.0,0.0,0.0,0.0,0.0,0.0,0.0,0.0,0.0,0.0,0.0,0.0,0.0,0.0,0.0,0.0,0.0,0.0,0.0,0.0
US1NJWR0033,"PHILLIPSBURG 1.7 NNE","WARREN","New Jersey",417,40.71,-75.17,0.0,M,M,M,M,0.0,M,M,0.0,0.0,0.0,M,M,0.0,M,M,0.0,M,M,M,0.0,0.0,M,0.0,0.0,0.0,0.0,0.0,0.0,M,0.0
USC00286979,"PHILLIPSBURG-EASTON BRIDGE","WARREN","New Jersey",232,40.70,-75.20,0.0,0.0,0.0,0.0,0.0,0.0,0.0,0.0,0.0,0.0,0.0,0.0,0.0,0.0,0.0,0.0,0.0,0.0,0.0,0.0,0.0,0.0,0.0,0.0,0.0,0.0,0.0,0.0,0.0,0.0,0.0
US1NJOC0019,"PINE BEACH 0.4 NW","OCEAN","New Jersey",10,39.94,-74.17,M,M,M,0.0,M,M,0.0,M,M,M,M,M,0.0,M,M,M,M,M,M,M,M,M,M,M,M,M,M,M,0.0,M,M
US1NJMD0024,"PISCATAWAY TWP 1.0 WSW","MIDDLESEX","New Jersey",96,40.54,-74.48,0.0,0.0,M,M,M,M,M,M,M,M,M,M,M,M,M,M,0.0,M,M,M,0.0,0.0,M,0.0,0.0,0.0,0.0,0.0,0.0,M,0.0
US1NJGL0001,"PITMAN 0.1 W","GLOUCESTER","New Jersey",118,39.73,-75.13,0.0,0.0,M,M,M,0.0,M,M,0.0,0.0,0.0,M,M,M,M,M,M,M,M,M,0.0,0.0,M,0.0,0.0,0.0,0.0,0.0,M,M,0.0
US1NJSL0003,"PITTSGROVE TWP 1.9 S","SALEM","New Jersey",79,39.51,-75.14,0.0,0.0,M,M,M,M,0.0,M,0.0,0.0,0.0,M,M,0.0,M,M,M,M,M,0.0,0.0,0.0,M,0.0,M,0.0,0.0,0.0,M,M,0.0
US1NJMD0069,"PLAINSBORO TWP 1.8 ESE","MIDDLESEX","New Jersey",99,40.33,-74.55,0.0,0.0,M,M,M,0.0,M,M,M,0.0,0.0,M,0.0,0.0,M,M,0.0,0.0,M,0.0,0.0,0.0,M,0.0,0.0,0.0,0.0,0.0,0.0,M,0.0
US1NJOC0013,"POINT PLEASANT BEACH 0.5 SW","OCEAN","New Jersey",13,40.09,-74.05,0.0,0.0,0.0,0.0,0.0,0.0,0.0,0.0,0.0,0.0,0.0,0.0,0.0,0.0,0.0,0.0,0.0,0.0,0.0,0.0,0.0,0.0,0.0,0.0,0.0,0.0,0.0,0.0,0.0,0.0,0.0
US1NJAT0021,"PORT REPUBLIC 0.8 SSW","ATLANTIC","New Jersey",18,39.52,-74.49,0.0,0.0,M,0.0,M,0.0,M,M,M,M,M,M,M,M,M,M,M,0.0,M,M,M,M,M,0.0,0.0,M,M,M,M,M,M
US1NJMC0043,"PRINCETON 0.7 ESE","MERCER","New Jersey",176,40.35,-74.66,M,M,M,M,M,M,M,M,M,M,M,M,0.0,0.0,M,M,0.0,0.0,M,0.0,0.0,M,M,0.0,M,0.0,0.0,0.0,M,M,0.0
US1NJMC0044,"PRINCETON 2.3 E","MERCER","New Jersey",79,40.36,-74.63,0.0,0.0,M,M,M,M,M,M,M,0.0,0.0,M,M,0.0,M,M,M,0.0,M,M,0.0,M,M,M,0.0,0.0,0.0,0.0,0.0,M,M
US1NJMS0021,"RANDOLPH TWP 0.8 W","MORRIS","New Jersey",1025,40.85,-74.60,0.0,0.0,M,M,M,0.0,0.0,M,0.0,0.0,0.0,M,M,M,M,M,M,M,M,0.0,0.0,0.0,M,0.0,0.0,0.0,0.0,0.0,0.0,M,0.0
US1NJMS0042,"RANDOLPH TWP 2.0 E","MORRIS","New Jersey",739,40.84,-74.54,0.0,M,M,M,M,0.0,M,M,M,M,0.0,M,M,0.0,M,M,0.0,M,M,M,M,M,M,M,M,M,M,0.0,0.0,M,0.0
US1NJMS0073,"RANDOLPH TWP 2.2 SW","MORRIS","New Jersey",896,40.82,-74.60,0.0,M,M,M,M,M,M,M,M,M,M,M,M,M,M,M,M,M,M,M,M,M,M,M,M,M,M,M,M,M,M
USC00287486,"RIEGELSVILLE","WARREN","New Jersey",157,40.59,-75.19,0.0,0.0,0.0,0.0,0.0,0.0,0.0,0.0,0.0,0.0,0.0,M,0.0,0.0,0.0,0.0,0.0,0.0,0.0,0.0,0.0,0.0,0.0,0.0,0.0,0.0,0.0,0.0,0.0,0.0,0.0
US1NJPS0022,"RINGWOOD 3.0 SSE","PASSAIC","New Jersey",610,41.07,-74.26,0.0,0.0,M,M,M,M,M,M,0.0,0.0,0.0,M,M,0.0,M,M,0.0,M,M,0.0,0.0,0.0,M,0.0,0.0,0.0,0.0,0.0,0.0,M,0.0
US1NJMC0016,"ROBBINSVILLE TWP 1.7 WSW","MERCER","New Jersey",127,40.21,-74.62,0.0,M,M,M,M,0.0,M,M,M,0.0,M,M,M,0.0,M,M,M,M,M,0.0,0.0,M,M,0.0,M,0.0,0.0,0.0,0.0,M,M
US1NJMS0006,"ROCKAWAY 0.4 NNW","MORRIS","New Jersey",709,40.90,-74.52,0.0,0.0,M,M,M,0.0,M,M,0.0,0.0,0.0,M,0.0,0.0,M,M,0.0,M,M,0.0,0.0,0.0,M,0.0,0.0,0.0,0.0,0.0,0.0,M,0.0
US1NJMS0004,"ROCKAWAY TWP 0.7 NE","MORRIS","New Jersey",821,40.97,-74.49,M,M,M,M,M,M,M,M,M,M,M,M,M,M,M,M,M,M,M,M,M,M,M,M,0.0,M,M,M,M,M,M
US1NJMS0051,"ROXBURY TWP 1.2 ESE","MORRIS","New Jersey",714,40.88,-74.63,0.0,M,M,M,M,0.0,M,M,0.0,0.0,0.0,M,0.0,0.0,M,0.0,0.0,M,M,0.0,0.0,0.0,M,0.0,0.0,0.0,0.0,0.0,0.0,M,0.0
US1NJMN0051,"RUMSON 0.5 NE","MONMOUTH","New Jersey",49,40.37,-74.00,M,0.0,M,M,M,0.0,0.0,M,M,M,M,M,M,0.0,M,M,0.0,0.0,M,0.0,0.0,0.0,M,0.0,0.0,0.0,M,0.0,0.0,M,M
US1NJBG0002,"SADDLE BROOK TWP 0.6 E","BERGEN","New Jersey",55,40.90,-74.08,M,0.0,M,M,M,M,M,M,0.0,0.0,0.0,M,0.0,0.0,M,M,0.0,M,M,0.0,0.0,0.0,M,0.0,0.0,0.0,0.0,0.0,0.0,M,0.0
US1NJCM0011,"SEA ISLE CITY 1.4 SSW","CAPE MAY","New Jersey",7,39.13,-74.71,0.0,0.0,M,M,0.0,0.0,0.0,M,0.0,0.0,0.0,M,M,0.0,M,M,0.0,0.0,M,0.0,0.0,0.0,0.0,0.0,0.0,0.0,M,0.0,M,M,0.0
USC00287936,"SEABROOK FARMS","CUMBERLAND","New Jersey",104,39.49,-75.22,0.0,0.0,0.0,0.0,0.0,0.0,0.0,0.0,0.0,0.0,0.0,0.0,0.0,0.0,0.0,0.0,0.0,0.0,0.0,0.0,0.0,0.0,0.0,0.0,0.0,0.0,0.0,0.0,0.0,0.0,0.0
USC00288173,"SOMERDALE 4 SW","CAMDEN","New Jersey",55,39.84,-75.04,0.0,0.0,0.0,0.0,0.0,0.0,0.0,0.0,0.0,0.0,0.0,0.0,0.0,0.0,0.0,0.0,0.0,0.0,0.0,0.0,0.0,0.0,0.0,0.0,0.0,0.0,0.0,0.0,0.0,0.0,0.0
US1NJSM0013,"SOMERVILLE 0.2 ENE","SOMERSET","New Jersey",61,40.57,-74.61,M,M,M,M,M,0.0,M,M,M,M,M,M,M,M,M,M,M,M,M,M,M,M,M,0.0,0.0,0.0,0.0,0.0,M,M,M
US1NJMD0009,"SOUTH BRUNSWICK TWP 3.1 NW","MIDDLESEX","New Jersey",220,40.41,-74.57,0.0,0.0,M,M,M,0.0,M,M,0.0,0.0,0.0,M,M,0.0,M,M,M,M,M,M,0.0,0.0,M,0.0,0.0,0.0,0.0,0.0,0.0,M,0.0
US1NJMD0063,"SOUTH RIVER 0.3 WSW","MIDDLESEX","New Jersey",64,40.44,-74.38,0.0,0.0,M,M,M,0.0,0.0,M,0.0,0.0,0.0,M,M,0.0,M,M,0.0,0.0,M,0.0,0.0,0.0,M,0.0,0.0,0.0,0.0,0.0,0.0,M,0.0
US1NJBT0068,"SOUTHAMPTON TWP 1.6 SE","BURLINGTON","New Jersey",117,39.90,-74.70,M,M,M,M,M,M,0.0,M,M,0.0,0.0,M,0.0,M,M,M,M,0.0,M,M,M,0.0,M,0.0,0.0,M,M,M,M,M,M
US1NJUN0028,"SPRINGFIELD TWP 0.7 NNE","UNION","New Jersey",123,40.71,-74.32,0.0,0.0,M,M,M,0.0,M,M,0.0,0.0,0.0,M,M,0.0,M,M,0.0,M,M,0.0,M,0.0,M,0.0,0.0,0.0,0.0,0.0,M,M,0.0
US1NJOC0012,"STAFFORD TWP 2.1 NW","OCEAN","New Jersey",69,39.73,-74.29,0.0,0.0,M,0.0,M,M,0.0,M,0.0,0.0,0.0,M,M,0.0,M,M,0.0,M,M,0.0,0.0,0.0,M,0.0,0.0,0.0,0.0,0.0,M,M,M
US1NJHN0052,"STOCKTON 3.8 NNW","HUNTERDON","New Jersey",480,40.46,-75.00,0.0,0.0,M,M,M,M,M,M,0.0,0.0,0.0,M,M,M,M,M,M,M,M,M,0.0,M,M,M,M,0.0,M,0.0,0.0,M,0.0
USC00288644,"SUSSEX 1 NW","SUSSEX","New Jersey",616,41.22,-74.62,0.0,0.0,0.0,0.0,0.0,0.0,0.0,0.0,0.0,0.0,0.0,0.0,0.0,0.0,0.0,0.0,0.0,0.0,0.0,0.0,0.0,0.0,0.0,0.0,0.0,0.0,0.0,0.0,0.0,0.0,0.0
US1NJBT0032,"TABERNACLE TWP 5.0 WNW","BURLINGTON","New Jersey",108,39.84,-74.75,0.0,0.0,M,M,M,0.0,M,M,0.0,0.0,0.0,M,M,0.0,M,M,M,M,M,M,0.0,0.0,M,0.0,0.0,0.0,0.0,0.0,M,M,0.0
US1NJBG0003,"TENAFLY 1.3 W","BERGEN","New Jersey",71,40.91,-73.98,0.0,0.0,M,M,M,0.0,M,M,0.0,0.0,0.0,M,0.0,0.0,M,0.0,0.0,M,M,0.0,0.0,0.0,M,0.0,0.0,0.0,0.0,0.0,0.0,M,0.0
US1NJOC0065,"TOMS RIVER TWP 2.8 SSE","OCEAN","New Jersey",13,39.95,-74.14,0.0,0.0,M,0.0,M,0.0,0.0,M,0.0,0.0,0.0,M,0.0,0.0,M,M,0.0,0.0,M,0.0,0.0,0.0,M,0.0,0.0,0.0,0.0,0.0,0.0,M,0.0
US1NJMC0042,"TRENTON 2.8 WNW","MERCER","New Jersey",42,40.24,-74.81,M,M,M,M,M,M,M,M,0.0,0.0,M,M,0.0,0.0,M,M,0.0,0.0,M,0.0,0.0,0.0,M,0.0,M,0.0,0.0,M,0.0,M,M
US1NJHN0032,"UNION TWP 1.2 SW","HUNTERDON","New Jersey",514,40.62,-74.98,M,M,M,M,M,M,M,M,M,M,M,M,M,M,M,M,0.0,M,M,M,M,M,M,M,M,0.0,0.0,0.0,0.0,M,M
US1NJCD0001,"UPPER DEERFIELD TWP 1.7 SW","CUMBERLAND","New Jersey",72,39.48,-75.24,0.0,0.0,M,0.0,M,0.0,0.0,0.0,0.0,0.0,0.0,0.0,0.0,0.0,0.0,0.0,0.0,0.0,0.0,0.0,0.0,0.0,M,0.0,0.0,0.0,0.0,0.0,0.0,0.0,0.0
US1NJCD0010,"UPPER DEERFIELD TWP 1.9 E","CUMBERLAND","New Jersey",119,39.49,-75.18,0.0,0.0,M,0.0,M,M,M,M,0.0,0.0,0.0,M,M,M,M,M,M,M,M,M,M,M,M,0.0,0.0,0.0,M,0.0,M,M,0.0
US1NJMN0070,"UPPER FREEHOLD TWP 2.3 S","MONMOUTH","New Jersey",107,40.12,-74.52,0.0,0.0,M,M,M,M,M,M,0.0,M,0.0,M,M,0.0,M,M,M,M,M,M,M,M,M,0.0,0.0,0.0,0.0,0.0,0.0,M,M
US1NJCM0037,"UPPER TWP 3.5 NW","CAPE MAY","New Jersey",8,39.30,-74.77,0.0,0.0,M,M,M,0.0,0.0,M,0.0,M,M,M,M,0.0,0.0,M,0.0,M,0.0,0.0,0.0,0.0,0.0,0.0,M,M,M,M,M,M,0.0
US1NJSS0003,"VERNON TWP 1.7 N","SUSSEX","New Jersey",459,41.22,-74.49,M,M,M,M,M,M,0.0,M,M,M,M,M,0.0,M,M,M,M,M,M,M,M,0.0,M,M,M,M,M,M,M,M,M
US1NJMN0024,"WALL TWP 2.5 ENE","MONMOUTH","New Jersey",43,40.18,-74.05,0.0,M,M,M,M,M,M,M,0.0,0.0,0.0,M,M,0.0,M,M,0.0,M,M,0.0,0.0,0.0,M,0.0,M,0.0,0.0,0.0,M,M,0.0
USC00289187,"WANAQUE RAYMOND DAM","PASSAIC","New Jersey",245,41.04,-74.29,0.0,0.0,0.0,0.0,0.0,0.0,0.0,0.0,0.0,0.0,0.0,0.0,0.0,0.0,0.0,0.0,0.0,0.0,0.0,0.0,0.0,0.0,0.0,0.0,0.0,0.0,0.0,0.0,0.0,0.0,0.0
US1NJSM0040,"WARREN TWP 1.5 SSE","SOMERSET","New Jersey",289,40.61,-74.50,0.0,0.0,0.0,0.0,M,M,M,0.0,0.0,0.0,0.0,M,M,M,M,M,0.0,M,M,M,M,M,M,0.0,0.0,M,M,M,0.0,0.0,0.0
US1NJWR0032,"WASHINGTON 0.3 SSE","WARREN","New Jersey",453,40.75,-74.98,M,M,M,M,M,M,M,M,0.0,0.0,M,M,M,M,M,M,0.0,M,M,M,0.0,0.0,M,0.0,0.0,0.0,M,M,M,M,M
US1NJWR0021,"WASHINGTON 0.6 ENE","WARREN","New Jersey",472,40.76,-74.97,0.0,M,M,M,M,0.0,M,M,M,0.0,0.0,M,0.0,0.0,M,M,0.0,M,M,M,0.0,0.0,M,0.0,0.0,0.0,0.0,0.0,0.0,M,0.0
US1NJWR0035,"WASHINGTON TWP 1.8 SE","WARREN","New Jersey",417,40.74,-74.96,0.0,0.0,M,M,M,M,0.0,M,M,0.0,0.0,M,M,0.0,M,M,0.0,M,M,M,0.0,0.0,M,0.0,0.0,0.0,0.0,0.0,0.0,M,0.0
US1NJGL0012,"WASHINGTON TWP 2.1 NNW","GLOUCESTER","New Jersey",90,39.77,-75.09,0.0,0.0,M,M,M,0.0,M,M,0.0,0.0,0.0,M,M,0.0,M,M,0.0,M,M,0.0,0.0,0.0,M,0.0,0.0,0.0,0.0,0.0,0.0,M,0.0
US1NJMS0083,"WASHINGTON TWP 2.8 W","MORRIS","New Jersey",982,40.78,-74.84,M,M,M,M,M,0.0,0.0,M,0.0,0.0,0.0,M,0.0,0.0,M,M,0.0,M,M,0.0,0.0,0.0,M,0.0,0.0,0.0,0.0,0.0,0.0,M,0.0
USC00289363,"WERTSVILLE 4 NE","HUNTERDON","New Jersey",283,40.45,-74.78,0.0,0.0,0.0,0.0,0.0,0.0,0.0,0.0,0.0,0.0,0.0,0.0,0.0,0.0,0.0,0.0,0.0,0.0,0.0,0.0,0.0,0.0,0.0,0.0,0.0,0.0,0.0,0.0,0.0,0.0,0.0
US1NJES0019,"WEST CALDWELL TWP 1.3 NE","ESSEX","New Jersey",267,40.86,-74.28,0.0,0.0,M,M,M,M,M,M,M,M,M,M,M,M,M,M,M,M,M,0.0,0.0,0.0,M,0.0,0.0,0.0,0.0,0.0,0.0,M,0.0
US1NJPS0021,"WEST MILFORD TWP 2.5 SSE","PASSAIC","New Jersey",933,41.07,-74.37,M,M,M,M,M,M,M,M,M,0.0,0.0,M,0.0,0.0,M,M,0.0,M,M,0.0,0.0,0.0,M,0.0,0.0,0.0,0.0,0.0,0.0,M,0.0
US1NJMC0003,"WEST WINDSOR TWP 3.0 NNW","MERCER","New Jersey",98,40.33,-74.65,0.0,0.0,M,M,M,0.0,M,M,M,M,M,M,M,M,M,M,M,M,M,M,0.0,M,M,0.0,0.0,0.0,0.0,0.0,0.0,M,0.0
US1NJUN0014,"WESTFIELD 0.6 NE","UNION","New Jersey",119,40.66,-74.34,M,M,M,M,M,M,M,M,M,M,M,M,M,M,M,M,M,M,M,M,M,M,M,M,M,M,M,0.0,M,M,M
US1NJWR0023,"WHITE TWP 1.7 S","WARREN","New Jersey",888,40.80,-75.04,0.0,M,M,M,M,0.0,M,M,0.0,0.0,0.0,M,M,0.0,M,0.0,0.0,M,M,M,0.0,0.0,M,0.0,0.0,0.0,0.0,0.0,0.0,M,0.0
US1NJCM0017,"WILDWOOD CREST 0.1 WSW","CAPE MAY","New Jersey",1,38.97,-74.84,0.0,0.0,0.0,0.0,0.0,0.0,M,M,0.0,0.0,0.0,M,M,0.0,0.0,M,0.0,0.0,M,0.0,0.0,0.0,0.0,0.0,0.0,0.0,0.0,0.0,M,M,0.0
US1NJCN0005,"WINSLOW TWP 3.5 W","CAMDEN","New Jersey",141,39.71,-74.97,0.0,0.0,0.0,0.0,0.0,0.0,0.0,0.0,0.0,0.0,0.0,0.0,0.0,0.0,0.0,0.0,0.0,0.0,M,M,M,M,M,M,0.0,0.0,0.0,0.0,0.0,0.0,0.0
US1NJCM0007,"WOODBINE 0.8 NNW","CAPE MAY","New Jersey",43,39.24,-74.82,0.0,0.0,M,M,M,0.0,0.0,M,0.0,0.0,0.0,M,M,0.0,M,M,M,M,M,0.0,0.0,0.0,0.0,0.0,0.0,0.0,0.0,0.0,M,0.0,0.0
US1NJCM0012,"WOODBINE 5.1 NE","CAPE MAY","New Jersey",23,39.29,-74.76,M,M,M,M,M,M,M,M,M,0.0,M,M,M,M,0.0,M,M,M,M,M,M,0.0,M,M,M,M,M,M,M,M,M
US1NJMD0043,"WOODBRIDGE TWP 1.1 ESE","MIDDLESEX","New Jersey",13,40.56,-74.27,0.0,0.0,M,M,M,0.0,0.0,M,0.0,0.0,0.0,M,M,0.0,M,M,0.0,0.0,M,0.0,0.0,0.0,M,0.0,0.0,0.0,0.0,M,0.0,M,0.0
US1NJMD0045,"WOODBRIDGE TWP 1.1 NNE","MIDDLESEX","New Jersey",71,40.58,-74.28,0.0,0.0,M,M,M,M,0.0,M,M,0.0,0.0,M,M,0.0,M,M,0.0,0.0,M,0.0,0.0,0.0,M,M,0.0,0.0,0.0,0.0,0.0,M,0.0
US1NJMD0050,"WOODBRIDGE TWP 3.0 NNW","MIDDLESEX","New Jersey",72,40.60,-74.31,0.0,M,M,M,M,M,M,M,0.0,M,M,M,M,M,M,0.0,M,M,M,0.0,M,0.0,M,M,M,M,M,M,M,M,M
US1NJBT0025,"WOODLAND TWP 1.8 SW","BURLINGTON","New Jersey",97,39.82,-74.54,0.0,0.0,M,M,M,0.0,M,M,M,0.0,0.0,M,0.0,0.0,M,M,0.0,0.0,M,0.0,0.0,0.0,M,0.0,0.0,0.0,0.0,0.0,0.0,M,0.0
US1NJSL0002,"WOODSTOWN 0.6 NW","SALEM","New Jersey",47,39.66,-75.33,0.0,0.0,M,M,M,0.0,M,M,0.0,0.0,0.0,M,0.0,0.0,M,M,0.0,0.0,M,M,M,M,M,0.0,0.0,0.0,0.0,0.0,M,M,0.0