New York Snowfall, April 2017
"GHCN ID","Station Name",County,State,Elevation,Latitude,Longitude,"Apr 1","Apr 2","Apr 3","Apr 4","Apr 5","Apr 6","Apr 7","Apr 8","Apr 9","Apr 10","Apr 11","Apr 12","Apr 13","Apr 14","Apr 15","Apr 16","Apr 17","Apr 18","Apr 19","Apr 20","Apr 21","Apr 22","Apr 23","Apr 24","Apr 25","Apr 26","Apr 27","Apr 28","Apr 29","Apr 30"
USC00300023,"ADDISON","STEUBEN","New York",999,42.10,-77.23,0.0,0.0,0.0,0.0,0.0,0.0,0.0,0.0,0.0,0.0,0.0,0.0,0.0,0.0,0.0,0.0,0.0,0.0,0.0,0.0,0.0,0.0,0.0,0.0,0.0,0.0,0.0,0.0,0.0,0.0
US1NYAB0039,"ALBANY 0.5 ESE","ALBANY","New York",218,42.66,-73.79,M,M,M,M,M,M,M,M,0.0,M,M,M,M,0.0,0.0,M,M,M,M,M,M,M,M,M,M,M,M,M,M,M
US1NYAB0023,"ALBANY 0.7 SW","ALBANY","New York",256,42.66,-73.81,T,T,0.0,0.0,0.0,0.0,0.0,0.0,T,0.0,0.0,0.0,0.0,0.0,0.0,0.0,0.0,0.0,0.0,M,M,M,0.0,0.0,M,M,M,M,M,0.0
USW00014735,"ALBANY INTERNATIONAL AIRPORT","ALBANY","New York",280,42.75,-73.80,0.2,0.0,0.0,0.0,0.0,0.0,0.0,T,0.0,0.0,0.0,0.0,0.0,0.0,0.0,0.0,0.0,0.0,0.0,0.0,0.0,0.0,0.0,0.0,0.0,0.0,0.0,0.0,0.0,0.0
US1NYNS0042,"ALBERTSON 0.2 SSE","NASSAU","New York",142,40.77,-73.65,M,M,0.0,M,M,M,M,0.0,0.0,0.0,0.0,0.0,M,M,0.0,0.0,M,0.0,0.0,M,M,M,M,0.0,M,M,M,M,M,0.0
USC00300055,"ALBION","ORLEANS","New York",472,43.26,-78.22,0.0,0.0,0.0,0.0,0.0,0.0,M,0.0,0.0,0.0,0.0,0.0,0.0,0.0,0.0,0.0,0.0,0.0,0.0,0.0,0.0,0.0,0.0,0.0,0.0,0.0,0.0,0.0,0.0,0.0
US1NYOL0004,"ALBION 1.9 NW","ORLEANS","New York",468,43.26,-78.22,M,M,M,M,M,M,2.7,M,M,M,M,M,M,M,M,M,M,M,M,M,M,M,M,M,M,M,M,M,M,M
USC00300063,"ALCOVE DAM","ALBANY","New York",607,42.47,-73.93,0.7,M,M,M,M,M,M,M,M,M,M,M,M,M,M,M,M,M,M,M,M,M,M,M,M,M,M,M,M,M
USC00300085,"ALFRED","ALLEGANY","New York",1923,42.28,-77.77,0.0,0.0,0.0,0.0,0.0,0.0,0.6,0.1,0.0,0.0,0.0,0.0,0.0,0.0,0.0,0.0,0.0,0.0,0.0,0.0,0.0,0.0,0.0,0.0,0.0,0.0,0.0,0.0,0.0,0.0
US1NYCT0011,"ALLEGANY 4.7 N","CATTARAUGUS","New York",1667,42.16,-78.49,M,T,0.0,M,M,M,1.0,0.3,0.0,0.0,0.0,M,0.0,0.0,0.0,0.0,M,0.0,0.0,M,M,M,0.0,0.0,M,M,0.0,M,M,M
USC00300093,"ALLEGANY STATE PARK","CATTARAUGUS","New York",1500,42.10,-78.75,0.0,0.0,0.0,0.0,0.0,0.0,T,0.0,0.0,0.0,0.0,0.0,0.0,0.0,0.0,0.0,0.0,0.0,0.0,0.0,0.0,0.0,0.0,0.0,0.0,0.0,0.0,0.0,0.0,0.0
US1NYAB0001,"ALTAMONT 2.7 SSW","ALBANY","New York",1460,42.67,-74.05,1.0,M,0.0,0.0,0.0,0.0,0.0,0.3,0.0,0.0,0.0,0.0,0.0,0.0,0.0,0.0,0.0,M,M,M,M,0.0,0.0,M,M,M,M,M,M,0.0
US1NYER0098,"AMHERST 5.4 NNE","ERIE","New York",580,43.05,-78.76,M,M,M,M,M,M,M,M,M,M,M,M,M,M,M,M,M,0.0,0.0,M,M,M,0.0,0.0,M,M,0.0,M,0.0,M
US1NYSF0089,"AMITYVILLE 0.1 WSW","SUFFOLK","New York",12,40.67,-73.42,M,M,0.0,M,M,M,M,M,0.0,0.0,0.0,0.0,0.0,M,0.0,0.0,M,0.0,0.0,M,M,M,M,M,M,M,M,M,M,M
USC00300183,"ANGELICA","ALLEGANY","New York",1475,42.31,-78.02,0.0,0.0,0.0,0.0,0.0,0.0,1.0,T,0.0,0.0,0.0,0.0,0.0,0.0,0.0,0.0,0.0,0.0,0.0,0.0,0.0,0.0,0.0,0.0,0.0,0.0,0.0,0.0,0.0,0.0
US1NYTG0003,"APALACHIN 3.0 ESE","TIOGA","New York",910,42.05,-76.12,0.2,0.0,0.0,0.0,0.0,0.0,T,T,0.0,0.0,0.0,0.0,0.0,0.0,0.0,0.0,0.0,0.0,0.0,0.0,0.0,0.0,0.0,0.0,0.0,0.0,0.0,0.0,0.0,0.0
US1NYWC0018,"ARMONK 0.3 SE","WESTCHESTER","New York",385,41.13,-73.71,M,0.0,0.0,M,M,M,M,M,0.0,0.0,0.0,0.0,M,0.0,0.0,0.0,M,M,M,M,M,M,M,0.0,M,M,M,M,M,0.0
US1NYWC0015,"ARMONK 0.4 E","WESTCHESTER","New York",424,41.13,-73.71,M,M,M,M,M,M,M,M,M,M,M,M,M,M,M,M,M,0.0,0.0,M,M,M,M,0.0,M,M,M,M,0.0,0.0
USC00300317,"ATTICA 7 SW","WYOMING","New York",1365,42.81,-78.40,0.0,0.0,0.0,0.0,0.0,0.0,2.8,1.2,0.0,0.0,0.0,0.0,0.0,0.0,0.0,0.0,0.0,0.0,0.0,0.0,0.0,0.0,0.0,0.0,0.0,0.0,0.0,0.0,0.0,0.0
USC00300321,"AUBURN","CAYUGA","New York",770,42.93,-76.54,0.0,0.0,0.0,0.0,0.0,0.0,0.5,T,0.0,0.0,0.0,0.0,0.0,0.0,0.0,0.0,0.0,0.0,0.0,0.0,0.0,0.0,0.0,0.0,0.0,0.0,0.0,0.0,0.0,0.0
US1NYCY0008,"AUBURN 8.3 SSE","CAYUGA","New York",1050,42.83,-76.49,M,M,M,M,M,M,1.3,0.2,M,M,M,M,M,M,M,M,M,M,M,M,M,M,M,M,M,M,M,M,M,M
US1NYCY0026,"AURORA 2.4 N","CAYUGA","New York",501,42.79,-76.70,M,0.0,0.0,0.0,0.0,0.0,T,T,0.0,0.0,0.0,M,0.0,0.0,0.0,M,M,0.0,0.0,M,M,M,0.0,0.0,M,M,0.0,0.0,0.0,M
USC00300331,"AURORA RESEARCH FARM","CAYUGA","New York",830,42.73,-76.66,0.0,0.0,0.0,0.0,0.0,0.0,1.0,0.0,0.0,0.0,0.0,0.0,0.0,0.0,0.0,0.0,0.0,0.0,0.0,0.0,0.0,0.0,0.0,0.0,0.0,0.0,0.0,0.0,0.0,0.0
US1NYRN0001,"AVERILL PARK 0.9 WNW","RENSSELAER","New York",633,42.64,-73.57,0.2,0.1,0.0,M,0.0,0.0,0.0,T,0.0,0.0,0.0,M,M,0.0,0.0,M,M,0.0,0.0,M,M,M,M,M,M,M,M,M,M,0.0
USC00300343,"AVON","LIVINGSTON","New York",545,42.92,-77.76,0.0,0.0,0.0,0.0,0.0,0.0,0.0,0.0,0.0,0.0,0.0,0.0,0.0,0.0,0.0,0.0,0.0,0.0,0.0,0.0,0.0,0.0,0.0,0.0,0.0,0.0,0.0,0.0,0.0,0.0
US1NYLV0002,"AVON 0.5 NNE","LIVINGSTON","New York",625,42.92,-77.74,M,M,M,M,M,0.0,M,M,M,M,0.0,M,0.0,0.0,M,M,M,M,0.0,M,M,0.0,M,0.0,M,M,0.0,M,0.0,M
US1NYCN0018,"BAINBRIDGE 6.5 SSE","CHENANGO","New York",1805,42.21,-75.42,0.9,0.8,0.0,0.0,0.0,0.0,T,M,0.0,0.0,0.0,0.0,0.0,0.0,0.0,0.0,0.0,0.0,0.0,0.0,0.0,0.0,0.0,0.0,0.0,0.0,0.0,0.0,0.0,0.0
USC00300364,"BAITING HOLLOW","SUFFOLK","New York",70,40.93,-72.74,0.0,0.0,0.0,0.0,0.0,0.0,0.0,0.0,0.0,0.0,0.0,0.0,0.0,0.0,0.0,0.0,0.0,0.0,0.0,0.0,0.0,0.0,0.0,0.0,0.0,0.0,0.0,0.0,0.0,0.0
US1NYNS0040,"BALDWIN 1.3 S","NASSAU","New York",15,40.64,-73.61,M,M,0.0,M,M,M,M,0.0,M,M,M,0.0,0.0,0.0,0.0,M,M,M,0.0,M,M,M,M,M,M,M,M,M,M,0.0
USC00300379,"BALDWINSVILLE","ONONDAGA","New York",379,43.15,-76.33,M,M,0.0,M,0.0,0.0,T,M,M,0.0,0.0,0.0,0.0,0.0,M,M,0.0,0.0,0.0,0.0,0.0,M,M,0.0,0.0,0.0,0.0,0.0,M,M
US1NYOG0046,"BALDWINSVILLE 3.5 NE","ONONDAGA","New York",390,43.20,-76.29,M,0.0,0.0,0.0,0.0,0.0,M,0.0,M,0.0,0.0,M,0.0,0.0,0.0,0.0,0.0,0.0,0.0,0.0,0.0,0.0,0.0,0.0,0.0,0.0,0.0,0.0,M,0.0
US1NYSR0016,"BALLSTON SPA 2.9 ESE","SARATOGA","New York",363,42.99,-73.80,1.0,0.0,0.0,0.0,0.0,0.0,M,M,0.0,0.0,M,0.0,0.0,0.0,0.0,M,M,0.0,0.0,M,M,M,M,0.0,0.0,M,M,M,0.0,0.0
USC00300443,"BATAVIA","GENESEE","New York",913,43.03,-78.17,0.0,0.0,0.0,0.0,0.0,0.0,3.0,0.0,0.0,0.0,0.0,0.0,0.0,0.0,0.0,0.0,0.0,0.0,0.0,0.0,0.0,0.0,0.0,0.0,0.0,0.0,0.0,0.0,0.0,0.0
US1NYST0035,"BATH 6.8 SW","STEUBEN","New York",1704,42.27,-77.41,M,0.0,0.0,M,0.0,M,1.0,T,0.0,0.0,0.0,M,0.0,0.0,0.0,M,M,M,M,M,M,M,M,M,M,M,0.0,M,0.0,M
US1NYPT0002,"BEACON 4.2 ESE","PUTNAM","New York",854,41.48,-73.89,T,M,M,M,M,M,M,M,0.0,M,M,M,M,M,M,0.0,M,M,M,M,M,M,M,M,M,M,M,M,M,0.0
USC00300500,"BEAVER FALLS","LEWIS","New York",740,43.89,-75.43,0.0,0.0,0.0,0.0,0.0,0.0,0.0,M,M,0.0,0.0,0.0,0.0,0.0,0.0,0.0,0.0,0.0,0.0,0.0,0.0,0.0,0.0,0.0,0.0,0.0,0.0,0.0,M,M
USC00300608,"BENNETTS BRIDGE","OSWEGO","New York",660,43.53,-75.95,0.0,0.0,0.0,0.0,0.0,0.0,0.0,0.0,0.0,0.0,0.0,0.0,0.0,0.0,0.0,0.0,0.0,0.0,0.0,0.0,0.0,0.0,0.0,0.0,0.0,0.0,0.0,0.0,0.0,0.0
US1NYTG0015,"BERKSHIRE 1.9 ENE","TIOGA","New York",1545,42.32,-76.22,T,M,0.0,M,M,M,1.0,T,0.0,0.0,0.0,M,0.0,0.0,0.0,M,M,0.0,0.0,M,M,M,0.0,0.0,M,M,0.0,M,0.0,0.0
US1NYTG0005,"BERKSHIRE 2.0 N","TIOGA","New York",1100,42.33,-76.19,M,M,M,M,M,M,T,T,M,M,M,M,M,M,M,M,M,M,M,M,M,M,M,M,M,M,M,M,M,M
US1NYST0004,"BIG FLATS 2.0 W","STEUBEN","New York",935,42.14,-76.97,M,0.0,M,M,M,M,M,T,0.0,0.0,0.0,M,0.0,0.0,0.0,M,M,0.0,0.0,M,M,M,0.0,0.0,M,M,0.0,M,0.0,M
USC00300668,"BIG MOOSE 3 SE","HERKIMER","New York",1939,43.82,-74.87,M,M,0.0,0.0,0.0,0.0,0.0,M,M,0.0,0.0,0.0,0.0,0.0,M,M,0.0,0.0,0.0,0.0,0.0,M,M,0.0,M,0.0,0.0,0.0,M,M
USW00004725,"BINGHAMTON (GREATER AP)","BROOME","New York",1595,42.21,-75.98,1.2,0.0,0.0,0.0,0.0,0.0,0.9,0.0,0.0,0.0,0.0,0.0,0.0,0.0,0.0,0.0,0.0,0.0,0.0,0.0,0.0,0.0,0.0,0.0,0.0,0.0,0.0,0.0,0.0,0.0
US1NYBM0024,"BINGHAMTON 1.3 ENE","BROOME","New York",851,42.11,-75.89,T,M,M,M,M,M,M,T,M,M,M,M,M,M,M,M,M,M,M,M,M,M,M,M,M,M,M,M,M,M
US1NYBM0011,"BINGHAMTON 1.8 SW","BROOME","New York",1352,42.07,-75.93,1.1,0.0,0.0,0.0,0.0,M,T,0.2,0.0,0.0,0.0,M,0.0,0.0,0.0,M,M,0.0,0.0,0.0,M,M,0.0,0.0,M,M,0.0,0.0,M,0.0
US1NYBM0032,"BINGHAMTON 2.9 NNE","BROOME","New York",893,42.14,-75.89,M,M,0.0,M,M,M,M,M,0.0,0.0,0.0,M,M,0.0,0.0,M,M,0.0,0.0,M,M,M,0.0,0.0,M,M,0.0,M,M,M
USC00300684,"BINGHAMTON WFO","BROOME","New York",1600,42.21,-75.99,1.2,0.0,0.0,0.0,0.0,0.0,0.9,0.0,0.0,0.0,0.0,0.0,0.0,0.0,0.0,0.0,0.0,0.0,0.0,0.0,0.0,0.0,0.0,0.0,0.0,0.0,0.0,0.0,0.0,0.0
USC00300707,"BLACK RIVER","JEFFERSON","New York",520,44.00,-75.81,0.0,0.0,0.0,0.0,0.0,0.0,0.0,0.0,0.0,0.0,0.0,0.0,0.0,0.0,0.0,0.0,0.0,0.0,0.0,0.0,0.0,0.0,0.0,0.0,0.0,0.0,0.0,0.0,0.0,0.0
US1NYER0060,"BLASDELL 1.5 SSW","ERIE","New York",630,42.78,-78.84,0.0,0.0,0.0,0.0,0.0,0.0,0.4,0.0,0.0,0.0,0.0,0.0,0.0,0.0,0.0,0.0,0.0,0.0,0.0,0.0,0.0,0.0,0.0,0.0,0.0,0.0,0.0,0.0,0.0,M
US1NYES0008,"BLOOMINGDALE 7.8 E","ESSEX","New York",1720,44.43,-73.93,M,M,M,M,M,M,M,M,M,M,M,M,M,M,M,M,M,M,M,M,M,M,M,M,M,M,M,M,0.0,0.0
US1NYSF0060,"BLUE POINT 0.4 E","SUFFOLK","New York",17,40.75,-73.03,M,0.0,0.0,M,M,M,M,M,0.0,0.0,0.0,0.0,0.0,0.0,0.0,M,0.0,0.0,0.0,M,M,M,M,0.0,M,M,M,M,M,M
US1NYSF0059,"BOHEMIA 0.5 ENE","SUFFOLK","New York",75,40.78,-73.11,M,M,M,M,M,M,M,M,M,0.0,0.0,0.0,0.0,M,M,M,0.0,M,M,M,M,M,M,M,M,M,M,M,M,0.0
US1NYOD0004,"BOONVILLE 0.2 NW","ONEIDA","New York",1135,43.48,-75.33,0.0,0.0,0.0,M,M,M,M,M,M,M,M,0.0,0.0,M,M,M,M,M,M,M,M,M,M,0.0,M,M,0.0,M,M,M
US1NYOD0051,"BOONVILLE 2.7 W","ONEIDA","New York",1270,43.48,-75.38,M,M,M,M,M,M,M,M,M,M,M,M,M,M,M,M,M,M,M,M,M,M,M,0.0,M,M,0.0,M,0.0,0.0
USC00300785,"BOONVILLE 4 SSW","ONEIDA","New York",1549,43.44,-75.37,0.3,T,0.0,0.0,0.0,0.0,0.7,T,0.0,0.0,0.0,0.0,0.0,0.0,0.0,0.0,0.0,0.0,0.0,0.0,0.0,0.0,0.0,0.0,0.0,0.0,0.0,0.0,0.0,0.0
US1NYOD0001,"BOONVILLE 8.0 E","ONEIDA","New York",1445,43.48,-75.17,0.3,T,0.0,0.0,M,0.0,1.3,0.2,0.0,0.0,0.0,0.0,0.0,M,0.0,0.0,0.0,0.0,0.0,0.0,0.0,0.0,0.0,0.0,0.0,0.0,0.0,0.0,0.0,0.0
US1NYER0065,"BOSTON 1.5 NE","ERIE","New York",1561,42.65,-78.72,M,M,M,M,M,M,3.0,T,M,M,M,M,M,M,M,M,M,M,M,M,M,M,M,M,M,M,M,M,M,M
USC00300870,"BREWERTON LOCK 23","ONONDAGA","New York",377,43.24,-76.20,M,M,0.0,0.0,0.0,0.0,0.0,M,M,0.0,0.0,0.0,0.0,0.0,M,M,0.0,0.0,0.0,0.0,0.0,M,M,0.0,0.0,0.0,M,0.0,M,M
US1NYOT0004,"BRIDGEWATER 4.3 SSE","OTSEGO","New York",1060,42.82,-75.23,0.8,0.0,0.0,0.0,0.0,0.0,0.6,0.2,0.0,0.0,0.0,0.0,0.0,0.0,0.0,0.0,0.0,0.0,0.0,0.0,0.0,0.0,0.0,0.0,0.0,0.0,0.0,0.0,0.0,0.0
USC00300937,"BROCKPORT","MONROE","New York",498,43.22,-77.95,0.0,0.0,0.0,0.0,0.0,0.0,1.8,1.0,0.0,0.0,0.0,0.0,0.0,0.0,0.0,0.0,0.0,0.0,0.0,0.0,0.0,0.0,0.0,0.0,0.0,0.0,0.0,0.0,0.0,0.0
US1NYMR0015,"BROCKPORT 0.6 WNW","MONROE","New York",386,43.22,-77.95,0.0,0.0,M,M,0.0,M,2.8,0.0,0.0,M,0.0,0.0,0.0,0.0,0.0,0.0,0.0,0.0,M,M,M,0.0,0.0,0.0,M,0.0,M,0.0,0.0,M
US1NYKN0025,"BROOKLYN 3.1 NW","KINGS","New York",18,40.68,-73.99,M,M,M,M,M,M,M,0.0,0.0,0.0,0.0,0.0,M,0.0,0.0,M,M,M,M,M,M,M,M,0.0,M,M,M,M,M,M
US1NYER0024,"BUFFALO 1.3 NW","ERIE","New York",650,42.90,-78.88,M,M,0.0,M,M,M,M,0.0,M,0.0,M,M,0.0,0.0,0.0,M,M,0.0,0.0,M,M,M,M,M,M,M,M,M,M,M
USC00301011,"BUFFALO 4NE","ERIE","New York",625,42.95,-78.84,0.0,0.0,0.0,0.0,0.0,0.0,0.9,T,0.0,0.0,0.0,0.0,0.0,0.0,0.0,0.0,0.0,0.0,0.0,0.0,0.0,0.0,0.0,0.0,0.0,0.0,0.0,0.0,0.0,0.0
US1NYER0109,"BUFFALO 6.7 N","ERIE","New York",619,42.99,-78.87,M,M,M,M,M,M,0.1,M,M,M,M,M,0.0,M,M,M,M,M,M,M,M,M,M,M,M,M,M,M,M,M
USW00014733,"BUFFALO NIAGARA INTL","ERIE","New York",716,42.94,-78.74,0.0,0.0,0.0,0.0,0.0,0.7,1.6,0.0,0.0,0.0,0.0,0.0,0.0,0.0,0.0,0.0,0.0,0.0,0.0,0.0,0.0,0.0,0.0,0.0,0.0,0.0,0.0,0.0,0.0,0.0
USC00301068,"BUSKIRK","RENSSELAER","New York",499,42.94,-73.43,0.3,0.0,0.0,0.0,0.0,0.0,0.0,0.0,0.0,0.0,0.0,0.0,0.0,0.0,0.0,0.0,0.0,0.0,0.0,0.0,0.0,0.0,0.0,0.0,0.0,0.0,0.0,0.0,0.0,0.0
USC00301102,"CALLICOON CENTER","SULLIVAN","New York",1221,41.83,-74.95,0.2,T,0.0,0.0,0.0,0.0,0.0,0.2,T,0.0,0.0,0.0,0.0,0.0,0.0,0.0,0.0,0.0,0.0,0.0,0.0,0.0,0.0,0.0,0.0,0.0,0.0,0.0,0.0,0.0
USC00301110,"CAMDEN","ONEIDA","New York",580,43.33,-75.84,0.0,0.0,0.0,0.0,0.0,0.0,0.3,0.3,0.0,0.0,0.0,0.0,0.0,0.0,0.0,0.0,0.0,0.0,0.0,0.0,0.0,0.0,0.0,0.0,0.0,0.0,0.0,0.0,0.0,0.0
US1NYOG0010,"CAMILLUS 1.0 W","ONONDAGA","New York",812,43.04,-76.33,M,M,M,M,M,M,M,M,M,0.0,0.0,M,M,0.0,0.0,M,M,0.0,0.0,M,M,M,0.0,M,M,M,M,M,M,M
USC00301168,"CANDOR 2SE","TIOGA","New York",920,42.19,-76.31,0.0,0.0,0.0,0.0,0.0,0.0,0.0,0.0,0.0,0.0,0.0,0.0,0.0,0.0,0.0,0.0,0.0,0.0,0.0,0.0,0.0,0.0,0.0,0.0,0.0,0.0,0.0,0.0,0.0,0.0
US1NYST0013,"CANISTEO 7.0 ENE","STEUBEN","New York",1609,42.32,-77.48,M,0.0,0.0,0.0,0.0,0.0,T,2.0,0.0,0.0,0.0,M,0.0,M,M,M,M,M,0.0,M,M,0.0,0.0,0.0,0.0,0.0,0.0,M,0.0,0.0
USW00014743,"CANTON 4 SE","ST. LAWRENCE","New York",448,44.58,-75.11,0.0,0.0,0.0,0.0,0.0,0.0,0.0,T,0.0,0.0,0.0,0.0,0.0,0.0,0.0,0.0,0.0,0.0,0.0,0.0,0.0,0.0,0.0,0.0,0.0,0.0,0.0,0.0,0.0,0.0
USC00301211,"CARMEL 4N","PUTNAM","New York",680,41.47,-73.65,0.0,0.0,0.0,0.0,0.0,0.0,0.0,0.0,0.0,0.0,0.0,0.0,0.0,0.0,0.0,0.0,0.0,0.0,0.0,0.0,0.0,0.0,0.0,0.0,0.0,0.0,0.0,0.0,0.0,0.0
US1NYTM0006,"CAROLINE CENTER 0.1 SE","TOMPKINS","New York",1589,42.35,-76.32,T,M,M,M,M,M,1.8,2.7,M,M,M,M,M,M,0.0,M,M,0.0,M,M,M,M,M,M,M,M,M,M,M,M
US1NYJF0011,"CARTHAGE 2.0 SW","JEFFERSON","New York",783,43.96,-75.63,M,M,M,M,M,M,M,M,M,M,M,M,M,0.0,M,M,M,0.0,0.0,M,M,M,M,M,M,M,M,M,0.0,M
USC00305673,"CATTARAUGUS","CATTARAUGUS","New York",1355,42.32,-78.87,0.0,0.0,0.0,0.0,0.0,0.0,4.0,1.5,0.0,0.0,0.0,0.0,0.0,0.0,0.0,0.0,0.0,0.0,0.0,0.0,0.0,0.0,0.0,0.0,0.0,0.0,0.0,0.0,0.0,0.0
US1NYCY0002,"CAYUGA 3.2 ESE","CAYUGA","New York",520,42.90,-76.67,M,M,M,M,M,0.0,0.0,0.0,0.0,0.0,0.0,0.0,0.0,0.0,0.0,0.0,0.0,0.0,0.0,0.0,0.0,0.0,0.0,0.0,0.0,0.0,0.0,0.0,0.0,0.0
USC00301265,"CAYUGA LOCK NO 1","CAYUGA","New York",380,42.95,-76.73,0.0,0.0,0.0,0.0,0.0,0.0,0.0,0.0,0.0,0.0,0.0,0.0,0.0,0.0,0.0,0.0,0.0,0.0,0.0,0.0,0.0,0.0,0.0,0.0,0.0,0.0,0.0,0.0,0.0,0.0
US1NYMD0010,"CAZENOVIA 2.9 SE","MADISON","New York",1463,42.90,-75.81,1.5,0.0,0.0,0.0,0.0,0.0,1.5,1.7,0.0,0.0,0.0,0.0,0.0,0.0,0.0,0.0,0.0,0.0,0.0,0.0,0.0,0.0,0.0,0.0,0.0,0.0,0.0,0.0,0.0,0.0
US1NYSF0084,"CENTEREACH 1.3 NE","SUFFOLK","New York",102,40.89,-73.07,M,M,0.0,M,M,M,M,M,0.0,0.0,0.0,0.0,0.0,0.0,0.0,0.0,0.0,0.0,0.0,M,M,M,M,0.0,M,M,M,0.0,0.0,0.0
USC00301309,"CENTERPORT","SUFFOLK","New York",30,40.88,-73.37,0.0,0.0,0.0,0.0,0.0,0.0,0.0,0.0,0.0,0.0,0.0,0.0,0.0,0.0,0.0,0.0,0.0,0.0,0.0,0.0,0.0,0.0,0.0,0.0,0.0,0.0,0.0,0.0,0.0,0.0
US1NYSF0061,"CENTERPORT 0.9 SW","SUFFOLK","New York",176,40.89,-73.38,M,M,0.0,M,M,M,M,M,M,M,M,M,M,M,M,M,M,M,M,M,M,M,M,M,M,M,M,M,M,0.0
US1NYER0122,"CHEEKTOWAGA 2.4 NW","ERIE","New York",671,42.93,-78.78,0.0,0.0,0.0,0.0,M,M,M,T,0.0,0.0,0.0,0.0,M,M,M,M,M,M,M,M,M,M,M,M,M,M,M,M,M,M
US1NYER0102,"CHEEKTOWAGA 2.7 NE","ERIE","New York",703,42.94,-78.72,0.0,0.0,0.0,0.0,0.0,0.0,1.6,0.7,0.0,0.0,0.0,0.0,0.0,0.0,0.0,0.0,0.0,0.0,0.0,0.0,0.0,0.0,0.0,0.0,0.0,0.0,0.0,0.0,0.0,0.0
US1NYCM0024,"CHEMUNG 5.7 N","CHEMUNG","New York",1069,42.09,-76.63,0.0,0.0,0.0,0.0,0.0,0.0,0.0,0.0,0.0,0.0,0.0,0.0,0.0,0.0,0.0,0.0,0.0,0.0,0.0,0.0,0.0,0.0,0.0,0.0,0.0,0.0,0.0,0.0,0.0,0.0
US1NYMD0016,"CHITTENANGO 2.1 ESE","MADISON","New York",683,43.03,-75.83,T,0.0,0.0,0.0,M,0.0,0.3,T,0.0,0.0,0.0,M,0.0,0.0,0.0,M,M,M,0.0,M,M,M,0.0,0.0,M,M,0.0,M,0.0,0.0
US1NYER0051,"CLARENCE CENTER 0.9 N","ERIE","New York",631,43.02,-78.63,M,M,0.0,M,M,M,1.0,M,0.0,0.0,M,M,0.0,0.0,0.0,M,M,0.0,0.0,M,M,0.0,0.0,0.0,M,M,0.0,M,0.0,0.0
US1NYER0123,"CLARENCE CENTER 5.2 WNW","ERIE","New York",581,43.05,-78.72,M,M,M,M,M,M,2.2,0.9,0.0,0.0,M,M,0.0,M,M,0.0,M,0.0,M,M,M,M,M,0.0,M,M,0.0,M,0.0,M
US1NYOG0012,"CLAY 4.6 NW","ONONDAGA","New York",380,43.20,-76.26,T,0.0,0.0,0.0,0.0,0.0,M,M,0.0,0.0,0.0,0.0,0.0,0.0,0.0,0.0,0.0,0.0,0.0,0.0,0.0,0.0,0.0,0.0,0.0,0.0,0.0,M,0.0,0.0
US1NYSR0029,"CLIFTON PARK 2.7 S","SARATOGA","New York",289,42.82,-73.79,0.2,0.0,0.0,0.0,0.0,0.0,0.0,0.0,M,M,M,M,M,0.0,M,M,M,0.0,0.0,M,M,M,M,0.0,0.0,M,M,M,M,0.0
USC00301580,"CLYDE LOCK 26","WAYNE","New York",392,43.06,-76.84,0.0,0.0,0.0,0.0,0.0,0.0,0.0,0.0,0.0,0.0,0.0,0.0,0.0,0.0,0.0,0.0,0.0,0.0,0.0,0.0,0.0,0.0,0.0,0.0,0.0,0.0,0.0,0.0,0.0,0.0
USC00301595,"COBLESKILL 2 ESE","SCHOHARIE","New York",1169,42.67,-74.44,0.7,M,M,M,M,M,M,M,M,M,M,M,M,M,M,M,M,M,M,M,M,M,M,M,M,M,M,M,M,M
US1NYPT0004,"COLD SPRING 8.1 NE","PUTNAM","New York",451,41.50,-73.84,0.1,0.0,0.0,M,M,M,0.0,M,0.0,0.0,0.0,0.0,M,0.0,0.0,0.0,M,0.0,0.0,M,M,M,M,0.0,M,M,M,M,M,0.0
USC00301625,"COLDEN 1W","ERIE","New York",1535,42.65,-78.71,0.0,T,0.0,0.0,0.0,0.0,4.6,1.8,0.0,0.0,0.0,0.0,0.0,0.0,0.0,0.0,0.0,0.0,0.0,0.0,0.0,0.0,0.0,0.0,0.0,0.0,0.0,0.0,0.0,0.0
US1NYER0077,"COLDEN 2.4 ENE","ERIE","New York",1650,42.65,-78.61,0.0,0.0,0.0,0.0,0.0,0.0,5.7,1.9,0.0,0.0,0.0,0.0,0.0,0.0,0.0,0.0,0.0,0.0,0.0,0.0,0.0,0.0,0.0,0.0,0.0,0.0,0.0,0.0,0.0,0.0
US1NYSF0109,"COMMACK 0.8 SSW","SUFFOLK","New York",122,40.83,-73.29,M,M,0.0,M,M,M,M,0.0,0.0,0.0,0.0,0.0,0.0,0.0,0.0,0.0,M,0.0,0.0,M,M,M,M,0.0,M,M,M,M,M,0.0
USC00301708,"CONKLINGVILLE DAM","SARATOGA","New York",808,43.32,-73.93,0.0,0.0,0.0,0.0,0.0,0.0,0.0,0.0,0.0,0.0,0.0,0.0,0.0,0.0,0.0,0.0,0.0,0.0,0.0,0.0,0.0,0.0,0.0,0.0,0.0,0.0,0.0,0.0,0.0,0.0
US1NYLW0003,"CONSTABLEVILLE 1.2 NW","LEWIS","New York",1646,43.58,-75.45,1.0,M,0.0,M,M,M,1.0,1.0,0.0,0.0,0.0,M,0.0,0.0,0.0,M,M,0.0,0.0,M,M,M,M,0.0,0.0,M,0.0,M,0.0,0.0
USC00301752,"COOPERSTOWN","OTSEGO","New York",1257,42.72,-74.93,T,0.0,0.0,0.0,0.0,0.0,T,0.0,0.0,0.0,0.0,0.0,0.0,0.0,0.0,0.0,0.0,0.0,0.0,0.0,0.0,0.0,0.0,0.0,0.0,0.0,0.0,0.0,0.0,0.0
US1NYOT0002,"COOPERSTOWN 0.3 S","OTSEGO","New York",1230,42.70,-74.93,M,M,0.0,M,M,M,M,M,M,M,M,M,M,M,M,M,M,M,M,M,M,M,M,M,M,M,0.0,M,0.0,M
USC00301787,"CORNING","STEUBEN","New York",1147,42.13,-77.07,T,M,M,M,M,M,T,0.2,M,M,M,M,M,M,M,M,M,M,M,M,M,M,M,M,M,M,M,M,0.0,0.0
US1NYST0030,"CORNING 0.7 NNW","STEUBEN","New York",939,42.16,-77.06,M,M,0.0,M,M,M,M,M,0.0,0.0,0.0,M,0.0,0.0,0.0,M,M,0.0,0.0,M,M,M,0.0,0.0,M,M,0.0,M,0.0,M
US1NYOR0002,"CORNWALL ON HUDSON 0.6 NNW","ORANGE","New York",167,41.45,-74.02,M,M,M,0.0,M,0.0,M,M,M,M,M,M,M,M,M,M,M,M,M,0.0,0.0,M,M,M,M,M,M,M,M,M
US1NYLW0010,"CROGHAN 6.2 N","LEWIS","New York",1040,43.98,-75.37,0.4,0.0,0.0,0.0,0.0,M,0.5,1.5,0.0,0.0,0.0,0.0,0.0,0.0,0.0,0.0,0.0,0.0,0.0,0.0,0.0,0.0,0.0,0.0,0.0,0.0,0.0,0.0,0.0,0.0
USC00301974,"DANSVILLE","LIVINGSTON","New York",660,42.56,-77.72,0.0,0.0,0.0,0.0,0.0,0.0,0.0,0.0,0.0,0.0,0.0,0.0,0.0,0.0,0.0,0.0,0.0,0.0,0.0,0.0,0.0,0.0,0.0,0.0,0.0,0.0,0.0,0.0,0.0,0.0
US1NYLV0005,"DANSVILLE 1.0 ENE","LIVINGSTON","New York",1505,42.57,-77.68,0.0,0.0,0.0,0.0,0.0,0.0,3.1,0.5,0.0,0.0,0.0,0.0,0.0,0.0,0.0,M,M,0.0,0.0,M,M,0.0,0.0,0.0,M,M,0.0,M,M,M
US1NYLV0001,"DANSVILLE 3.6 WSW","LIVINGSTON","New York",1516,42.53,-77.76,0.0,M,M,M,M,M,0.3,0.1,0.0,M,M,M,M,M,M,M,M,M,M,M,M,M,M,M,M,M,M,M,M,M
US1NYOG0002,"DE WITT 1.4 WSW","ONONDAGA","New York",630,43.03,-76.10,0.0,0.0,0.0,M,M,0.0,0.5,0.2,0.0,0.0,0.0,M,0.0,0.0,0.0,M,M,0.0,0.0,M,M,M,0.0,0.0,M,M,0.0,M,M,M
USC00302031,"DELANSON 2NE","SCHENECTADY","New York",984,42.77,-74.17,M,2.0,0.0,0.0,0.0,0.0,0.0,T,0.0,0.0,0.0,0.0,M,M,M,M,M,M,0.0,0.0,0.0,0.0,0.0,0.0,0.0,0.0,0.0,0.0,0.0,0.0
US1NYDL0005,"DELHI 1.5 NNE","DELAWARE","New York",1516,42.30,-74.90,0.1,0.0,0.0,0.0,0.0,0.0,0.0,0.2,0.0,0.0,0.0,0.0,0.0,0.0,0.0,0.0,0.0,0.0,0.0,0.0,0.0,0.0,0.0,0.0,0.0,0.0,M,0.0,0.0,0.0
USC00302036,"DELHI 2 SE","DELAWARE","New York",1460,42.25,-74.90,T,M,M,0.0,0.0,0.0,0.0,T,0.0,M,0.0,M,0.0,0.0,M,0.0,M,0.0,0.0,0.0,M,M,M,M,M,0.0,0.0,0.0,0.0,0.0
US1NYER0079,"DEPEW 0.1 S","ERIE","New York",678,42.91,-78.70,M,M,M,M,M,M,M,M,M,M,M,0.0,0.0,0.0,0.0,M,0.0,0.0,0.0,M,M,M,M,M,M,M,M,M,M,M
US1NYER0120,"DERBY 1.7 NNE","ERIE","New York",651,42.70,-78.96,M,M,M,M,0.0,M,M,M,M,M,M,M,M,M,M,M,M,M,M,M,M,M,M,M,M,M,M,M,M,M
US1NYHR0012,"DOLGEVILLE 1.9 NW","HERKIMER","New York",1026,43.12,-74.80,M,M,0.0,0.0,0.0,0.0,T,0.4,0.0,0.0,0.0,0.0,0.0,0.0,0.0,0.0,0.0,0.0,0.0,0.0,0.0,0.0,0.0,0.0,0.0,0.0,0.0,0.0,0.0,0.0
US1NYCY0005,"DUCK LAKE","CAYUGA","New York",401,43.14,-76.69,M,M,M,M,M,M,M,M,0.0,0.0,0.0,M,0.0,0.0,0.0,M,M,0.0,0.0,M,M,M,0.0,0.0,0.0,M,0.0,M,0.0,0.0
US1NYYT0007,"DUNDEE 0.3 N","YATES","New York",1013,42.53,-76.98,0.0,0.0,0.0,0.0,0.0,0.0,T,0.0,0.0,0.0,0.0,0.0,0.0,0.0,0.0,M,M,M,M,M,M,M,M,M,M,M,M,M,M,M
US1NYYT0006,"DUNDEE 3.3 ESE","YATES","New York",517,42.51,-76.92,0.0,0.0,0.0,0.0,0.0,0.0,0.0,0.0,0.0,0.0,0.0,0.0,0.0,0.0,0.0,0.0,0.0,0.0,0.0,0.0,0.0,0.0,0.0,0.0,0.0,0.0,0.0,0.0,0.0,0.0
US1NYSY0012,"DUNDEE 5.7 ESE","SCHUYLER","New York",922,42.50,-76.87,M,M,M,M,M,M,M,M,M,0.0,0.0,M,0.0,M,0.0,M,M,M,0.0,M,M,M,M,0.0,M,M,0.0,M,M,M
US1NYSY0011,"DUNDEE 6.2 E","SCHUYLER","New York",1089,42.52,-76.86,M,M,0.0,M,M,M,0.5,0.0,0.0,0.0,0.0,M,0.0,0.0,0.0,M,M,0.0,M,M,M,M,0.0,0.0,M,0.0,0.0,M,0.0,0.0
USC00302197,"DUNKIRK","CHAUTAUQUA","New York",631,42.47,-79.33,0.0,0.0,0.0,0.0,0.0,0.0,T,T,0.0,0.0,0.0,0.0,0.0,0.0,0.0,0.0,0.0,0.0,0.0,0.0,0.0,0.0,0.0,0.0,0.0,0.0,0.0,0.0,0.0,0.0
US1NYOD0023,"DURHAMVILLE 3.5 NNW","ONEIDA","New York",394,43.17,-75.68,0.0,0.0,0.0,0.0,0.0,0.0,T,0.3,0.0,0.0,0.0,0.0,0.0,0.0,0.0,0.0,0.0,0.0,0.0,0.0,0.0,0.0,0.0,0.0,0.0,0.0,0.0,0.0,0.0,0.0
US1NYMD0009,"EARLVILLE 0.4 W","MADISON","New York",1080,42.74,-75.55,T,T,0.0,0.0,0.0,0.0,T,T,0.0,0.0,0.0,0.0,0.0,0.0,0.0,0.0,0.0,0.0,0.0,M,M,M,0.0,0.0,0.0,M,0.0,M,M,0.0
US1NYMD0011,"EARLVILLE 1.6 NNW","MADISON","New York",1091,42.76,-75.56,T,M,M,M,M,M,M,0.1,M,M,0.0,M,0.0,0.0,0.0,M,M,0.0,0.0,M,M,M,M,M,M,M,M,M,M,M
US1NYER0054,"EAST AMHERST 1.2 WNW","ERIE","New York",584,43.02,-78.72,0.0,0.0,M,0.0,0.0,0.0,M,M,M,M,M,M,0.0,0.0,0.0,M,M,0.0,0.0,M,M,M,0.0,0.0,M,M,0.0,M,M,M
US1NYER0050,"EAST AURORA 0.1 ENE","ERIE","New York",919,42.77,-78.62,M,T,M,M,M,M,2.5,1.0,0.0,0.0,M,M,0.0,0.0,0.0,M,M,0.0,0.0,M,M,M,0.0,0.0,M,M,0.0,M,M,M
US1NYER0066,"EAST AURORA 1.0 ESE","ERIE","New York",1017,42.76,-78.60,M,T,M,M,M,M,2.0,1.0,M,M,M,M,M,M,M,M,M,M,M,M,M,M,M,M,M,M,M,M,M,M
US1NYTM0018,"EAST ITHACA 4.7 E","TOMPKINS","New York",1161,42.42,-76.37,0.0,0.0,0.0,M,M,0.0,0.7,0.8,0.0,0.0,0.0,M,0.0,0.0,0.0,M,M,0.0,0.0,M,M,M,0.0,0.0,M,M,0.0,M,M,M
USC00302366,"EAST JEWETT","GREENE","New York",1991,42.23,-74.14,1.5,T,0.0,0.0,0.0,0.0,0.0,0.4,0.0,0.0,0.0,0.0,0.0,0.0,0.0,0.0,0.0,0.0,0.0,0.0,0.0,0.0,0.0,0.0,0.0,0.0,0.0,0.0,0.0,0.0
US1NYSF0019,"EAST MORICHES 0.6 WNW","SUFFOLK","New York",42,40.81,-72.77,M,M,0.0,M,M,M,M,M,0.0,0.0,0.0,0.0,0.0,0.0,0.0,M,M,0.0,0.0,M,M,M,M,0.0,M,M,M,M,M,0.0
USC00302454,"EAST SIDNEY","DELAWARE","New York",1155,42.33,-75.23,0.0,0.0,0.0,0.0,0.0,0.0,0.0,0.0,0.0,0.0,0.0,0.0,0.0,0.0,0.0,0.0,0.0,0.0,0.0,0.0,0.0,0.0,0.0,0.0,0.0,0.0,0.0,0.0,0.0,0.0
USC00302554,"ELIZABETHTOWN","ESSEX","New York",611,44.21,-73.60,10.0,2.0,0.0,0.0,0.0,0.0,0.0,T,0.0,0.0,0.0,0.0,0.0,0.0,0.0,0.0,0.0,0.0,0.0,0.0,0.0,0.0,0.0,0.0,0.0,0.0,0.0,0.0,0.0,0.0
US1NYER0096,"ELMA 2.7 WSW","ERIE","New York",835,42.81,-78.68,M,M,M,M,M,M,2.4,3.0,0.0,0.0,M,M,M,M,M,M,M,0.0,M,M,M,M,M,M,M,M,M,M,M,M
US1NYER0075,"ELMA CENTER 0.7 SE","ERIE","New York",872,42.82,-78.62,M,M,M,M,M,M,2.0,T,0.0,0.0,M,M,0.0,0.0,0.0,M,0.0,M,0.0,M,M,0.0,0.0,0.0,M,M,0.0,M,M,M
USC00302610,"ELMIRA","CHEMUNG","New York",947,42.10,-76.84,0.0,0.0,0.0,0.0,0.0,0.0,0.0,0.0,0.0,0.0,0.0,0.0,0.0,0.0,0.0,0.0,0.0,0.0,0.0,0.0,0.0,0.0,0.0,0.0,0.0,0.0,0.0,0.0,0.0,0.0
US1NYCM0013,"ELMIRA 0.7 WNW","CHEMUNG","New York",884,42.10,-76.82,M,M,0.0,M,M,M,M,T,0.0,0.0,0.0,M,0.0,0.0,M,M,M,0.0,0.0,M,M,M,0.0,0.0,0.0,M,0.0,M,M,M
US1NYCM0021,"ELMIRA 1.2 WNW","CHEMUNG","New York",932,42.10,-76.83,0.0,0.0,0.0,0.0,0.0,0.0,0.0,0.0,0.0,0.0,0.0,0.0,0.0,0.0,0.0,0.0,0.0,0.0,0.0,0.0,0.0,0.0,0.0,0.0,0.0,0.0,0.0,0.0,0.0,0.0
US1NYCM0003,"ELMIRA 1.3 ESE","CHEMUNG","New York",840,42.08,-76.79,M,0.0,0.0,M,M,M,T,T,0.0,0.0,0.0,M,0.0,0.0,0.0,M,M,0.0,0.0,M,M,M,0.0,0.0,M,M,0.0,M,0.0,0.0
US1NYCM0006,"ELMIRA 3.2 E","CHEMUNG","New York",1120,42.09,-76.75,M,0.0,0.0,0.0,0.0,M,M,0.0,0.0,0.0,0.0,0.0,0.0,0.0,0.0,0.0,M,0.0,0.0,M,M,0.0,0.0,M,M,0.0,0.0,0.0,0.0,0.0
USC00305113,"EMMONS","OTSEGO","New York",1225,42.47,-75.01,0.1,T,0.0,0.0,0.0,0.0,T,0.1,0.0,0.0,0.0,0.0,0.0,0.0,0.0,0.0,0.0,0.0,0.0,0.0,0.0,0.0,0.0,0.0,0.0,0.0,0.0,0.0,0.0,0.0
US1NYBM0004,"ENDICOTT 5.2 SSE","BROOME","New York",1040,42.03,-76.02,T,0.0,0.0,M,M,M,T,T,0.0,0.0,0.0,M,0.0,0.0,0.0,0.0,M,0.0,0.0,M,M,M,0.0,M,M,M,0.0,M,0.0,0.0
US1NYJF0008,"FELTS MILLS 0.1 NNW","JEFFERSON","New York",620,44.02,-75.77,M,M,M,M,M,M,M,M,0.0,0.0,M,M,M,0.0,M,M,0.0,0.0,0.0,M,M,M,M,0.0,0.0,M,M,M,M,M
US1NYDT0016,"FISHKILL 1.2 NE","DUTCHESS","New York",349,41.55,-73.88,M,M,M,M,M,M,M,M,M,0.0,0.0,0.0,M,M,0.0,0.0,M,0.0,0.0,M,M,M,M,0.0,M,M,M,M,M,0.0
US1NYNS0007,"FLORAL PARK 0.4 W","NASSAU","New York",79,40.72,-73.71,0.0,M,0.0,M,M,M,0.0,M,M,0.0,M,0.0,M,0.0,0.0,0.0,M,M,0.0,M,M,M,M,0.0,M,M,M,M,M,M
US1NYNS0022,"FLORAL PARK 0.7 ESE","NASSAU","New York",86,40.72,-73.69,M,0.0,0.0,M,M,M,M,0.0,0.0,0.0,0.0,0.0,M,0.0,0.0,0.0,0.0,0.0,0.0,M,M,M,M,0.0,M,M,M,M,M,0.0
US1NYMG0002,"FONDA 5.2 W","MONTGOMERY","New York",956,42.96,-74.48,0.5,T,0.0,0.0,0.0,0.0,T,T,0.0,0.0,0.0,M,0.0,0.0,0.0,0.0,M,0.0,0.0,M,M,M,0.0,0.0,M,M,M,M,0.0,0.0
US1NYCQ0006,"FORESTVILLE 2.1 SW","CHAUTAUQUA","New York",1169,42.45,-79.20,M,M,M,M,M,M,5.0,M,M,M,M,M,M,M,M,M,M,M,M,M,M,M,M,M,M,M,M,M,M,M
US1NYMG0001,"FORT PLAIN 0.2 SE","MONTGOMERY","New York",309,42.93,-74.63,M,M,0.0,M,0.0,M,M,M,0.0,0.0,0.0,M,0.0,0.0,0.0,M,M,0.0,0.0,M,M,M,0.0,0.0,M,M,M,M,0.0,0.0
USC00303025,"FRANKLINVILLE","CATTARAUGUS","New York",1578,42.33,-78.46,0.0,0.0,0.0,0.0,0.0,0.0,1.0,T,0.0,0.0,0.0,0.0,0.0,0.0,0.0,0.0,0.0,0.0,0.0,0.0,0.0,0.0,0.0,0.0,0.0,0.0,0.0,0.0,0.0,0.0
US1NYCT0022,"FRANKLINVILLE 0.5 NNE","CATTARAUGUS","New York",1603,42.34,-78.45,0.0,0.0,0.0,M,M,M,1.5,0.0,0.0,0.0,M,0.0,0.0,M,0.0,M,M,0.0,0.0,M,M,M,0.0,M,M,M,0.0,M,M,M
US1NYCQ0022,"FREDONIA 0.8 WNW","CHAUTAUQUA","New York",680,42.44,-79.35,0.0,0.0,0.0,0.0,0.0,0.0,T,M,M,0.0,0.0,M,0.0,0.0,0.0,0.0,0.0,0.0,0.0,0.0,0.0,0.0,0.0,0.0,0.0,0.0,0.0,0.0,0.0,0.0
US1NYGR0006,"FREEHOLD 3.4 E","GREENE","New York",754,42.36,-73.98,1.0,T,0.0,0.0,0.0,0.0,0.0,T,M,0.0,0.0,M,M,M,0.0,M,M,M,M,M,M,M,M,M,M,M,M,M,M,M
US1NYCR0001,"FREETOWN 1.0 NE","CORTLAND","New York",1564,42.53,-76.02,0.8,0.0,0.0,M,M,M,M,M,M,M,M,M,M,M,M,M,M,M,M,M,M,M,M,M,M,M,M,M,M,M
USC00303050,"FREEVILLE 1 NE","TOMPKINS","New York",1042,42.52,-76.34,0.0,0.0,0.0,0.0,0.0,0.0,1.0,0.0,0.0,0.0,0.0,0.0,0.0,0.0,0.0,0.0,0.0,0.0,0.0,0.0,0.0,0.0,0.0,0.0,0.0,0.0,0.0,0.0,0.0,0.0
US1NYTM0005,"FREEVILLE 1.5 NE","TOMPKINS","New York",1073,42.53,-76.32,0.0,0.0,0.0,0.0,0.0,0.0,0.5,0.1,0.0,0.0,0.0,M,0.0,0.0,0.0,0.0,0.0,0.0,0.0,0.0,0.0,0.0,0.0,0.0,0.0,0.0,0.0,0.0,0.0,0.0
US1NYTM0023,"FREEVILLE 3.7 W","TOMPKINS","New York",1155,42.50,-76.42,0.0,0.0,0.0,0.0,0.0,0.0,1.5,0.5,0.0,0.0,0.0,0.0,0.0,0.0,0.0,0.0,0.0,0.0,0.0,0.0,0.0,0.0,0.0,0.0,0.0,0.0,0.0,0.0,0.0,0.0
US1NYCQ0021,"FREWSBURG 3.4 SSE","CHAUTAUQUA","New York",1446,42.02,-79.12,M,M,M,M,M,M,1.3,M,0.0,0.0,0.0,M,0.0,M,M,M,M,0.0,M,M,M,M,M,M,M,M,M,M,M,M
US1NYAL0009,"FRIENDSHIP 0.6 ENE","ALLEGANY","New York",1501,42.21,-78.13,M,M,M,M,M,M,M,M,M,M,M,0.0,M,M,M,M,M,M,M,M,M,M,M,0.0,M,M,0.0,M,M,M
USC00303087,"FULTON","OSWEGO","New York",360,43.30,-76.39,0.0,0.0,0.0,0.0,0.0,0.0,0.0,T,0.0,0.0,0.0,0.0,0.0,0.0,0.0,0.0,0.0,0.0,0.0,0.0,0.0,0.0,0.0,0.0,0.0,0.0,0.0,0.0,0.0,0.0
US1NYOS0020,"FULTON 0.2 W","OSWEGO","New York",397,43.32,-76.42,0.0,0.0,0.0,0.0,M,0.0,0.2,0.0,0.0,0.0,0.0,M,0.0,0.0,0.0,0.0,M,0.0,0.0,M,M,M,0.0,0.0,M,M,0.0,M,M,M
USC00303088,"FULTON LOCK O-3","OSWEGO","New York",336,43.32,-76.42,0.0,0.0,0.0,0.0,0.0,0.0,0.0,M,0.0,0.0,0.0,0.0,0.0,0.0,0.0,0.0,0.0,0.0,0.0,0.0,0.0,0.0,0.0,0.0,0.0,0.0,0.0,0.0,0.0,0.0
US1NYSR0006,"GANSEVOORT 1.3 WNW","SARATOGA","New York",296,43.20,-73.68,0.8,0.0,0.0,0.0,0.0,0.0,0.0,0.0,0.0,0.0,0.0,0.0,0.0,0.0,0.0,0.0,0.0,0.0,0.0,0.0,0.0,0.0,0.0,0.0,0.0,0.0,0.0,0.0,0.0,0.0
USC00303184,"GENEVA RESEARCH FARM","ONTARIO","New York",718,42.88,-77.03,0.0,0.0,0.0,0.0,0.0,0.0,0.0,T,T,0.0,0.0,0.0,0.0,0.0,0.0,0.0,0.0,0.0,0.0,0.0,0.0,0.0,0.0,0.0,0.0,0.0,0.0,0.0,0.0,0.0
USC00303250,"GLENFIELD 1W","LEWIS","New York",1080,43.71,-75.43,0.2,0.0,0.0,0.0,0.0,0.0,0.0,T,0.0,0.0,0.0,0.0,0.0,0.0,0.0,0.0,0.0,0.0,0.0,0.0,0.0,0.0,0.0,0.0,0.0,0.0,0.0,0.0,0.0,0.0
US1NYAB0032,"GLENMONT 2.5 SW","ALBANY","New York",179,42.58,-73.80,M,0.0,0.0,M,M,0.0,M,0.0,0.0,0.0,0.0,M,M,0.0,0.0,M,M,0.0,M,M,M,0.0,0.0,0.0,0.0,M,0.0,0.0,0.0,0.0
US1NYWR0003,"GLENS FALLS 4.0 W","WARREN","New York",470,43.31,-73.73,M,M,M,M,M,M,M,M,0.0,0.0,0.0,M,M,0.0,0.0,M,M,M,0.0,M,M,M,M,M,M,M,M,M,M,0.0
US1NYER0063,"GLENWOOD 1.5 SE","ERIE","New York",1411,42.60,-78.64,0.0,M,M,M,M,M,3.5,1.0,0.0,M,M,M,M,M,M,M,M,M,M,M,M,M,M,M,M,M,M,M,M,M
USC00303322,"GLOVERSVILLE 7NW PECK LAKE","FULTON","New York",1455,43.12,-74.42,1.6,T,0.0,0.0,0.0,0.0,0.1,0.3,0.0,0.0,0.0,0.0,0.0,0.0,M,M,0.0,0.0,0.0,0.0,0.0,0.0,0.0,0.0,0.0,0.0,0.0,0.0,0.0,0.0
USC00303346,"GOUVERNEUR 3 NW","ST. LAWRENCE","New York",420,44.35,-75.51,0.0,0.0,0.0,0.0,0.0,0.0,0.0,T,0.0,0.0,0.0,0.0,0.0,0.0,0.0,0.0,0.0,0.0,0.0,0.0,0.0,0.0,0.0,0.0,0.0,0.0,0.0,0.0,0.0,0.0
USC00303444,"GREENE","CHENANGO","New York",920,42.32,-75.77,0.5,0.0,0.0,0.0,0.0,0.0,0.0,T,0.0,0.0,0.0,0.0,0.0,0.0,0.0,0.0,0.0,0.0,0.0,0.0,0.0,0.0,0.0,0.0,0.0,0.0,0.0,0.0,0.0,0.0
US1NYSR0022,"GREENFIELD CENTER 1.6 W","SARATOGA","New York",603,43.13,-73.88,2.5,M,0.0,M,M,M,M,M,0.0,0.0,M,M,M,0.0,M,M,M,0.0,0.0,M,M,M,M,M,M,M,M,M,M,0.0
US1NYGR0007,"GREENVILLE 0.7 E","GREENE","New York",816,42.41,-74.01,1.0,M,0.0,M,M,0.0,M,T,0.0,0.0,M,M,M,0.0,0.0,M,M,0.0,0.0,M,M,M,0.0,0.0,0.0,M,M,0.0,0.0,0.0
US1NYTM0004,"GROTON 0.5 NW","TOMPKINS","New York",1034,42.59,-76.37,0.0,0.0,0.0,0.0,0.0,0.0,0.8,0.1,0.0,0.0,0.0,0.0,0.0,0.0,0.0,0.0,0.0,0.0,0.0,0.0,0.0,0.0,0.0,0.0,0.0,0.0,0.0,0.0,0.0,0.0
US1NYER0039,"HAMBURG 0.4 WSW","ERIE","New York",792,42.72,-78.84,M,M,M,M,M,M,2.0,T,0.0,0.0,0.0,M,0.0,0.0,0.0,M,0.0,0.0,0.0,M,M,M,0.0,0.0,M,M,0.0,M,M,M
US1NYER0078,"HAMBURG 0.6 S","ERIE","New York",816,42.71,-78.83,M,M,M,M,M,M,M,M,0.0,0.0,0.0,M,0.0,0.0,0.0,M,0.0,0.0,0.0,M,0.0,M,0.0,0.0,M,M,0.0,0.0,M,M
US1NYMR0056,"HAMLIN 3.0 NNW","MONROE","New York",287,43.34,-77.95,M,M,M,M,M,M,M,M,M,0.0,M,M,0.0,0.0,M,M,M,0.0,M,M,M,M,M,M,M,M,0.0,M,M,M
US1NYSL0006,"HANNAWA FALLS 0.1 SW","ST. LAWRENCE","New York",561,44.61,-74.97,1.5,0.0,0.0,0.0,0.0,0.0,T,0.7,0.0,0.0,0.0,0.0,0.0,0.0,0.0,0.0,0.0,0.0,0.0,0.0,0.0,0.0,0.0,M,0.0,0.0,0.0,0.0,0.0,0.0
US1NYLW0002,"HARRISVILLE 4.7 SSW","LEWIS","New York",938,44.09,-75.37,T,M,M,M,M,M,M,2.0,M,M,M,M,M,M,M,M,M,M,M,M,M,M,M,M,M,M,M,M,M,M
US1NYOT0011,"HARTWICK","OTSEGO","New York",1335,42.66,-75.05,0.3,0.0,0.0,0.0,0.0,0.0,0.1,0.5,0.0,0.0,0.0,0.0,0.0,0.0,0.0,0.0,0.0,0.0,0.0,M,M,M,M,0.0,M,M,0.0,M,M,0.0
US1NYMG0003,"HESSVILLE 1.8 WSW","MONTGOMERY","New York",1050,42.86,-74.72,M,0.1,0.0,0.0,0.0,0.0,T,T,0.0,M,0.0,M,0.0,0.0,0.0,M,M,0.0,0.0,M,M,M,0.0,0.0,M,M,0.0,M,0.0,M
US1NYNS0018,"HICKSVILLE 1.3 ENE","NASSAU","New York",150,40.77,-73.50,M,M,0.0,M,M,M,M,M,M,0.0,0.0,0.0,0.0,0.0,0.0,0.0,0.0,M,0.0,M,M,M,M,M,M,M,M,M,M,0.0
USC00303851,"HIGHMARKET 2W","LEWIS","New York",1804,43.61,-75.55,0.3,0.1,0.0,0.0,0.0,0.0,0.5,0.6,0.0,0.0,0.0,0.0,0.0,0.0,0.0,0.0,0.0,0.0,0.0,0.0,0.0,0.0,0.0,0.0,0.0,0.0,0.0,0.0,0.0,0.0
US1NYCB0009,"HILLSDALE 5.8 S","COLUMBIA","New York",1237,42.26,-73.54,0.5,M,M,M,M,M,M,0.3,M,M,0.0,M,M,0.0,0.0,M,M,M,M,M,M,M,M,M,M,M,M,M,M,M
US1NYDL0025,"HOBART 4.8 ESE","DELAWARE","New York",2220,42.35,-74.58,1.2,T,0.0,M,M,M,T,1.0,M,0.0,0.0,M,M,0.0,0.0,M,M,0.0,0.0,M,M,M,M,0.0,M,M,M,M,M,M
US1NYOD0043,"HOLLAND PATENT 1.1 WNW","ONEIDA","New York",779,43.25,-75.28,0.3,0.0,M,M,M,M,0.2,0.1,M,M,M,M,M,M,M,M,M,M,M,M,M,M,M,M,M,M,M,M,M,M
US1NYOD0007,"HOLLAND PATENT 1.5 WSW","ONEIDA","New York",590,43.24,-75.29,0.0,0.0,0.0,0.0,0.0,0.0,0.5,T,0.0,0.0,0.0,0.0,0.0,0.0,0.0,M,M,0.0,0.0,0.0,0.0,0.0,0.0,0.0,0.0,M,0.0,0.0,0.0,0.0
US1NYSF0058,"HOLTSVILLE 0.3 N","SUFFOLK","New York",113,40.82,-73.05,M,M,0.0,M,M,M,M,0.0,0.0,0.0,0.0,0.0,0.0,0.0,0.0,0.0,0.0,M,0.0,M,M,M,M,M,M,M,M,M,M,0.0
USC00303955,"HONEOYE","ONTARIO","New York",800,42.79,-77.51,0.0,0.0,0.0,0.0,0.0,0.0,T,T,0.0,0.0,0.0,0.0,0.0,0.0,0.0,0.0,0.0,0.0,0.0,0.0,0.0,0.0,0.0,0.0,0.0,0.0,0.0,0.0,0.0,0.0
US1NYMR0055,"HONEOYE FALLS 1.7 NE","MONROE","New York",653,42.97,-77.57,M,M,0.0,M,M,M,0.5,M,M,0.0,0.0,M,M,M,M,M,0.0,0.0,M,M,M,M,M,0.0,M,M,0.0,M,M,M
USC00303961,"HOOKER 12 NNW","LEWIS","New York",1478,43.85,-75.72,0.9,0.0,0.0,0.0,0.0,0.0,0.5,2.6,0.0,0.0,0.0,0.0,0.0,0.0,0.0,0.0,0.0,0.0,0.0,0.0,0.0,0.0,0.0,0.0,0.0,0.0,0.0,0.0,0.0,0.0
US1NYDT0004,"HOPEWELL JUNCTION 2.4 SSE","DUTCHESS","New York",279,41.55,-73.79,M,M,0.0,M,M,M,M,M,0.0,0.0,0.0,0.0,M,0.0,0.0,0.0,M,0.0,0.0,M,M,M,M,0.0,M,M,M,M,0.0,0.0
US1NYDT0020,"HOPEWELL JUNCTION 2.9 ENE","DUTCHESS","New York",403,41.61,-73.75,M,M,M,M,M,M,M,M,M,M,M,M,M,M,M,M,M,0.0,M,M,M,M,M,M,M,M,M,M,M,0.0
USC00303983,"HORNELL ALMOND DAM","STEUBEN","New York",1325,42.35,-77.70,0.0,0.0,0.0,0.0,0.0,0.0,0.0,0.0,0.0,0.0,0.0,0.0,0.0,0.0,0.0,0.0,0.0,0.0,0.0,0.0,0.0,0.0,0.0,0.0,0.0,0.0,0.0,0.0,0.0,0.0
US1NYCM0023,"HORSEHEADS 0.9 NNW","CHEMUNG","New York",944,42.18,-76.83,M,M,M,M,M,M,M,M,M,M,M,M,M,M,M,M,M,0.0,0.0,M,M,M,0.0,0.0,0.0,M,0.0,M,0.0,M
US1NYCB0001,"HUDSON 8.2 S","COLUMBIA","New York",298,42.13,-73.77,M,M,0.0,M,M,M,M,M,0.0,0.0,0.0,0.0,0.0,0.0,0.0,0.0,0.0,0.0,0.0,M,M,M,0.0,0.0,M,M,M,0.0,0.0,0.0
US1NYHR0016,"ILION 0.7 WSW","HERKIMER","New York",528,43.01,-75.05,M,M,M,M,M,M,M,M,M,M,M,M,M,M,M,M,M,M,M,M,M,M,M,M,M,M,M,M,0.0,0.0
USC00304102,"INDIAN LAKE 2SW","HAMILTON","New York",1670,43.75,-74.28,3.4,1.0,0.0,0.0,0.0,0.0,0.3,1.0,0.0,0.0,0.0,0.0,T,0.0,0.0,0.0,0.0,0.0,0.0,0.0,0.0,0.0,0.0,0.0,0.0,0.0,0.0,0.0,0.0,0.0
US1NYCT0025,"ISCHUA 0.4 SSE","CATTARAUGUS","New York",1528,42.24,-78.40,M,0.0,0.0,M,M,M,1.0,0.2,0.0,0.0,0.0,M,0.0,0.0,0.0,0.0,M,0.0,0.0,M,M,0.0,0.0,0.0,0.0,M,0.0,M,0.0,M
US1NYSF0017,"ISLIP 0.2 NW","SUFFOLK","New York",14,40.74,-73.22,M,0.0,0.0,M,M,M,M,0.0,0.0,0.0,0.0,M,0.0,0.0,0.0,0.0,M,0.0,0.0,M,M,M,M,0.0,M,M,0.0,M,M,0.0
US1NYSF0074,"ISLIP TERRACE 0.5 W","SUFFOLK","New York",26,40.75,-73.20,M,M,0.0,M,M,M,M,M,0.0,0.0,0.0,0.0,0.0,0.0,M,M,0.0,0.0,M,M,M,M,M,0.0,M,M,M,M,M,0.0
USW00004781,"ISLIP-LI MACARTHUR AP","SUFFOLK","New York",84,40.79,-73.10,0.0,0.0,0.0,0.0,0.0,T,0.0,0.0,0.0,0.0,0.0,0.0,0.0,0.0,0.0,0.0,0.0,0.0,0.0,0.0,0.0,0.0,0.0,0.0,0.0,0.0,0.0,0.0,0.0,0.0
US1NYTM0003,"ITHACA 1.1 SE","TOMPKINS","New York",650,42.43,-76.49,0.0,0.0,M,M,M,M,M,M,M,M,M,0.0,0.0,0.0,0.0,0.0,0.0,0.0,M,M,M,M,M,M,M,M,M,M,M,M
US1NYTM0028,"ITHACA 2.2 NW","TOMPKINS","New York",822,42.47,-76.54,M,M,M,M,M,0.0,M,M,M,M,M,M,0.0,M,M,M,M,M,0.0,M,M,M,M,M,M,M,M,M,M,M
US1NYTM0017,"ITHACA 2.6 NW","TOMPKINS","New York",1001,42.50,-76.58,M,M,0.0,M,M,M,M,M,0.0,0.0,0.0,M,0.0,M,M,M,M,0.0,0.0,M,M,M,0.0,0.0,M,M,0.0,M,0.0,M
USC00304174,"ITHACA CORNELL UNIV","TOMPKINS","New York",960,42.45,-76.45,0.0,0.0,0.0,0.0,0.0,0.0,0.4,T,0.0,0.0,0.0,0.0,0.0,0.0,0.0,0.0,0.0,0.0,0.0,0.0,0.0,0.0,0.0,0.0,0.0,0.0,0.0,0.0,0.0,0.0
US1NYSF0007,"JAMESPORT 0.6 SSW","SUFFOLK","New York",20,40.94,-72.58,M,M,0.0,M,M,M,M,0.0,M,0.0,0.0,0.0,0.0,0.0,0.0,M,0.0,0.0,0.0,M,M,M,M,0.0,M,M,M,M,M,0.0
US1NYCQ0012,"JAMESTOWN 1.8 E","CHAUTAUQUA","New York",1522,42.10,-79.20,M,M,0.0,M,M,M,M,M,0.0,0.0,0.0,M,0.0,M,0.0,M,M,0.0,0.0,0.0,M,0.0,0.0,0.0,M,M,0.0,M,M,M
USC00304207,"JAMESTOWN 4 ENE","CHAUTAUQUA","New York",1250,42.11,-79.16,0.0,0.0,0.0,0.0,0.0,0.0,0.7,1.0,0.0,0.0,0.0,0.0,0.0,0.0,0.0,0.0,0.0,0.0,0.0,0.0,0.0,0.0,0.0,0.0,0.0,0.0,0.0,0.0,0.0,0.0
USW00094789,"JFK INTERNATIONAL AIRPORT","QUEENS","New York",11,40.64,-73.76,0.0,0.0,0.0,0.0,0.0,0.0,0.0,0.0,0.0,0.0,0.0,0.0,0.0,0.0,0.0,0.0,0.0,0.0,0.0,0.0,0.0,0.0,0.0,0.0,0.0,0.0,0.0,0.0,0.0,0.0
US1NYES0009,"KEENE VALLEY 2.5 NE","ESSEX","New York",1965,44.22,-73.75,8.5,0.5,0.0,0.0,0.0,0.0,0.0,0.2,0.0,0.0,0.0,0.0,T,0.0,0.0,0.0,0.0,0.0,0.0,0.0,0.0,0.0,0.0,0.0,0.0,0.0,0.0,M,0.0,0.0
US1NYES0007,"KEESEVILLE 0.8 SE","ESSEX","New York",528,44.50,-73.47,6.5,1.0,0.0,M,M,M,M,M,0.0,0.0,0.0,M,M,0.0,0.0,M,M,M,0.0,M,M,M,M,0.0,0.0,M,M,M,0.0,0.0
US1NYER0059,"KENMORE 0.3 ESE","ERIE","New York",612,42.96,-78.87,0.0,0.0,0.0,0.0,0.0,0.0,1.6,T,0.0,0.0,0.0,0.0,0.0,0.0,0.0,0.0,0.0,0.0,0.0,0.0,0.0,0.0,0.0,0.0,0.0,0.0,0.0,0.0,0.0,0.0
US1NYER0057,"KENMORE 0.8 NW","ERIE","New York",607,42.97,-78.88,M,M,0.0,M,M,M,0.5,M,M,0.0,M,M,0.0,0.0,0.0,M,0.0,0.0,M,M,M,M,0.0,0.0,M,M,0.0,M,M,M
US1NYUL0001,"KINGSTON 1.1 W","ULSTER","New York",190,41.93,-74.02,M,0.0,0.0,0.0,0.0,0.0,0.0,0.0,0.0,0.0,0.0,0.0,0.0,0.0,0.0,0.0,0.0,0.0,0.0,M,M,M,M,0.0,0.0,M,M,M,0.0,0.0
US1NYUL0022,"KINGSTON 2.1 N","ULSTER","New York",183,41.96,-74.00,M,M,0.0,M,M,M,M,M,0.0,0.0,0.0,0.0,M,0.0,0.0,M,M,0.0,0.0,M,M,M,M,0.0,M,M,M,0.0,0.0,M
US1NYOS0001,"LACONA 3.6 SSE","OSWEGO","New York",628,43.60,-76.04,0.0,0.0,0.0,0.0,0.0,0.0,0.0,0.0,0.0,0.0,0.0,0.0,0.0,0.0,0.0,M,M,0.0,0.0,0.0,M,M,M,0.0,0.0,M,0.0,M,M,M
US1NYDT0012,"LAGRANGEVILLE 3.4 NE","DUTCHESS","New York",648,41.68,-73.72,0.1,0.0,0.0,0.0,0.0,0.0,0.0,T,0.0,0.0,0.0,0.0,0.0,0.0,0.0,0.0,0.0,0.0,0.0,0.0,0.0,0.0,0.0,0.0,0.0,0.0,0.0,0.0,0.0,0.0
USW00014732,"LAGUARDIA AIRPORT","QUEENS","New York",11,40.78,-73.88,0.0,0.0,0.0,0.0,0.0,0.0,0.0,0.0,0.0,0.0,0.0,0.0,0.0,0.0,0.0,0.0,0.0,0.0,0.0,0.0,0.0,0.0,0.0,0.0,0.0,0.0,0.0,0.0,0.0,0.0
US1NYSF0063,"LAKE GROVE 1.2 SSW","SUFFOLK","New York",104,40.84,-73.12,M,M,0.0,M,M,M,M,M,0.0,0.0,0.0,0.0,0.0,0.0,0.0,0.0,0.0,0.0,0.0,M,M,M,M,0.0,M,M,M,M,M,0.0
USC00304537,"LAKE LUZERNE","WARREN","New York",610,43.26,-73.83,0.8,0.0,0.0,0.0,0.0,0.0,0.0,0.0,0.0,0.0,0.0,0.0,0.0,0.0,0.0,0.0,0.0,0.0,0.0,0.0,0.0,M,M,0.0,0.0,0.0,0.0,0.0,0.0,0.0
US1NYES0001,"LAKE PLACID 1.5 N","ESSEX","New York",1898,44.30,-73.99,M,M,0.0,0.0,0.0,0.0,0.0,2.0,0.0,0.0,0.0,0.0,0.5,0.0,0.0,0.0,0.0,M,0.0,M,M,M,M,0.0,0.0,M,M,M,0.0,0.0
USC00304564,"LAKE VIEW 1NE","ERIE","New York",647,42.73,-78.92,0.0,0.0,0.0,0.0,0.0,0.0,T,0.0,0.0,0.0,0.0,0.0,0.0,0.0,0.0,0.0,0.0,0.0,0.0,0.0,0.0,0.0,0.0,0.0,0.0,0.0,0.0,0.0,0.0,0.0
US1NYTM0002,"LANSING 6.6 NW","TOMPKINS","New York",850,42.57,-76.57,M,M,0.0,M,M,0.0,M,M,0.0,0.0,M,M,0.0,0.0,0.0,M,M,0.0,0.0,M,M,M,M,0.0,M,0.0,0.0,M,M,M
USC00304575,"LANSING MANOR","SCHOHARIE","New York",1100,42.45,-74.47,M,M,0.0,0.0,M,0.0,0.0,0.0,0.0,0.0,0.0,0.0,0.0,M,0.0,M,0.0,0.0,0.0,0.0,0.0,M,M,M,0.0,0.0,0.0,0.0,0.0,0.0
US1NYOT0025,"LAURENS 5.5 W","OTSEGO","New York",1704,42.52,-75.20,0.1,T,0.0,0.0,M,M,0.8,M,M,M,0.0,M,M,0.0,0.0,M,M,0.0,0.0,M,M,M,M,0.0,M,M,0.0,M,0.0,0.0
USC00304731,"LIBERTY 1 NE","SULLIVAN","New York",1580,41.80,-74.74,0.5,T,0.0,0.0,0.0,0.0,0.0,T,0.0,0.0,0.0,0.0,0.0,0.0,0.0,0.0,0.0,0.0,0.0,0.0,0.0,0.0,0.0,0.0,0.0,0.0,0.0,0.0,0.0,0.0
USC00304808,"LITTLE VALLEY","CATTARAUGUS","New York",1625,42.25,-78.81,0.0,0.0,0.0,0.0,0.0,0.0,2.0,1.8,0.0,0.0,0.0,0.0,0.0,0.0,0.0,0.0,0.0,0.0,0.0,0.0,0.0,0.0,0.0,0.0,0.0,0.0,0.0,0.0,0.0,0.0
US1NYCB0008,"LIVINGSTON 0.7 SSW","COLUMBIA","New York",242,42.13,-73.79,M,M,0.0,0.0,M,0.0,M,0.0,0.0,0.0,0.0,0.0,M,0.0,0.0,M,M,M,0.0,M,M,0.0,M,M,0.0,M,M,0.0,0.0,0.0
US1NYNG0012,"LOCKPORT 0.8 NE","NIAGARA","New York",521,43.18,-78.68,0.0,M,0.0,0.0,0.0,0.0,3.1,1.2,0.0,0.0,0.0,0.0,0.0,0.0,0.0,M,0.0,0.0,0.0,M,M,M,0.0,0.0,M,M,0.0,M,M,M
US1NYNG0027,"LOCKPORT 2.8 WNW","NIAGARA","New York",458,43.19,-78.74,M,M,M,M,M,M,M,M,M,M,M,M,M,M,M,M,M,M,M,M,M,M,M,M,M,M,M,M,0.0,M
US1NYNS0032,"LOCUST VALLEY 0.3 E","NASSAU","New York",102,40.88,-73.58,0.0,M,M,M,M,M,M,0.0,M,M,M,M,M,M,M,M,M,M,M,M,M,M,M,M,M,M,M,M,M,M
US1NYSV0006,"LONG EDDY","SULLIVAN","New York",879,41.85,-75.13,M,M,M,M,M,M,M,M,0.0,0.0,M,M,M,0.0,0.0,M,M,0.0,M,M,M,M,0.0,0.0,0.0,M,M,0.0,0.0,0.0
US1NYDL0023,"LONG EDDY 6.5 NNE","DELAWARE","New York",1746,41.94,-75.08,0.3,0.5,0.0,0.0,0.0,0.0,0.0,0.3,0.0,0.0,0.0,0.0,0.0,0.0,0.0,0.0,0.0,0.0,0.0,0.0,0.0,0.0,0.0,0.0,0.0,0.0,0.0,0.0,0.0,0.0
US1NYHM0006,"LONG LAKE 0.1 SSE","HAMILTON","New York",1662,43.97,-74.42,1.5,M,M,M,M,M,M,0.7,T,M,M,M,M,M,M,M,M,M,M,M,M,M,M,M,M,M,M,M,M,M
USC00304912,"LOWVILLE","LEWIS","New York",863,43.79,-75.48,0.3,0.0,0.0,0.0,0.0,0.0,T,0.2,0.0,0.0,0.0,0.0,0.0,0.0,0.0,0.0,0.0,0.0,0.0,0.0,0.0,0.0,0.0,0.0,0.0,0.0,0.0,0.0,0.0,0.0
US1NYNS0014,"LYNBROOK 0.3 NW","NASSAU","New York",23,40.66,-73.68,M,M,M,M,M,M,M,M,M,M,M,0.0,M,M,M,M,M,M,M,M,M,M,M,M,M,M,M,M,M,M
USC00304939,"LYNDONVILLE","ORLEANS","New York",337,43.34,-78.39,0.0,0.0,0.0,0.0,0.0,0.0,1.5,T,0.0,0.0,0.0,0.0,0.0,0.0,0.0,0.0,0.0,0.0,0.0,0.0,0.0,0.0,0.0,0.0,0.0,0.0,0.0,0.0,0.0,0.0
US1NYWN0018,"MACEDON 2.6 ESE","WAYNE","New York",516,43.05,-77.26,0.0,0.0,0.0,0.0,0.0,0.0,0.1,T,0.0,0.0,0.0,0.0,0.0,0.0,0.0,0.0,0.0,0.0,0.0,0.0,0.0,0.0,0.0,0.0,M,M,M,M,M,M
US1NYPT0008,"MAHOPAC 2.5 WSW","PUTNAM","New York",627,41.35,-73.78,M,M,M,M,M,M,M,M,M,M,M,M,M,M,M,M,M,0.0,0.0,M,M,M,M,M,M,M,M,M,M,M
USC00304996,"MALONE","FRANKLIN","New York",878,44.84,-74.31,1.5,T,0.0,0.0,0.0,0.0,0.0,1.5,0.0,0.0,0.0,0.0,0.0,0.0,0.0,0.0,0.0,0.0,0.0,0.0,0.0,0.0,0.0,0.0,0.0,0.0,0.0,0.0,0.0,0.0
US1NYSR0015,"MALTA 2.6 NNW","SARATOGA","New York",321,43.01,-73.80,0.0,0.0,0.0,M,M,M,M,M,0.0,0.0,0.0,M,0.0,0.0,0.0,M,M,0.0,0.0,M,M,M,0.0,0.0,M,M,0.0,M,0.0,0.0
US1NYCR0005,"MARATHON 1.0 NW","CORTLAND","New York",1030,42.45,-76.04,0.0,0.0,0.0,0.0,0.0,0.0,T,T,0.0,0.0,0.0,0.0,0.0,0.0,0.0,0.0,0.0,0.0,0.0,0.0,0.0,0.0,0.0,0.0,0.0,0.0,0.0,0.0,0.0,0.0
US1NYWN0009,"MARION 2.0 NE","WAYNE","New York",478,43.17,-77.17,M,M,0.0,M,M,M,0.8,M,0.0,0.0,0.0,M,M,M,M,M,M,0.0,0.0,M,M,M,0.0,0.0,M,M,M,M,0.0,0.0
USC00305142,"MATTITUCK","SUFFOLK","New York",20,40.99,-72.51,0.0,0.0,0.0,0.0,0.0,0.0,0.0,0.0,0.0,0.0,0.0,0.0,0.0,0.0,0.0,0.0,0.0,0.0,0.0,0.0,0.0,0.0,0.0,0.0,0.0,0.0,0.0,0.0,0.0,0.0
USC00305233,"MECKLENBURG 4SW","SCHUYLER","New York",1509,42.44,-76.76,T,T,0.0,0.0,0.0,0.0,3.0,2.0,0.0,0.0,0.0,0.0,0.0,0.0,0.0,0.0,0.0,0.0,0.0,0.0,0.0,0.0,0.0,0.0,0.0,0.0,0.0,0.0,0.0,0.0
USC00305236,"MEDINA","ORLEANS","New York",538,43.22,-78.40,0.0,0.0,0.0,0.0,0.0,0.0,3.4,0.8,0.0,0.0,0.0,0.0,0.0,0.0,0.0,0.0,0.0,0.0,0.0,0.0,0.0,0.0,0.0,0.0,0.0,0.0,0.0,0.0,0.0,0.0
USC00305248,"MELROSE 1 NE","RENSSELAER","New York",350,42.85,-73.61,0.0,0.0,0.0,0.0,0.0,0.0,0.0,0.0,0.0,0.0,0.0,0.0,0.0,0.0,0.0,0.0,0.0,0.0,0.0,0.0,0.0,0.0,0.0,0.0,0.0,0.0,0.0,0.0,0.0,0.0
US1NYNS0028,"MERRICK 1.2 N","NASSAU","New York",22,40.67,-73.55,M,M,0.0,M,M,M,M,M,M,M,0.0,M,M,M,M,0.0,M,M,M,M,M,M,M,0.0,M,M,M,M,M,M
US1NYYT0008,"MIDDLESEX 3.5 S","YATES","New York",940,42.65,-77.27,M,M,M,M,M,M,0.2,M,M,0.0,M,M,M,M,M,M,M,0.0,0.0,M,M,M,0.0,0.0,M,M,0.0,M,M,0.0
US1NYDT0008,"MILLBROOK 3.2 SE","DUTCHESS","New York",1024,41.75,-73.65,0.6,T,0.0,M,M,M,M,0.8,M,M,M,0.0,M,0.0,0.0,M,M,0.0,0.0,M,M,M,M,0.0,M,M,M,M,0.0,0.0
US1NYOS0015,"MINETTO 0.1 SE","OSWEGO","New York",351,43.40,-76.48,0.0,0.0,0.0,0.0,0.0,0.0,T,T,0.0,0.0,0.0,0.0,0.0,0.0,0.0,0.0,0.0,0.0,0.0,0.0,0.0,0.0,0.0,0.0,0.0,0.0,0.0,0.0,0.0,0.0
USC00305426,"MOHONK LAKE","ULSTER","New York",1245,41.77,-74.15,0.0,0.0,0.0,0.0,0.0,0.0,0.0,0.0,0.0,0.0,0.0,0.0,0.0,0.0,0.0,0.0,0.0,0.0,0.0,0.0,0.0,0.0,0.0,0.0,0.0,0.0,0.0,0.0,0.0,0.0
USC00302151,"MOLLOY CERCOM","SUFFOLK","New York",5,40.72,-73.09,0.0,0.0,0.0,0.0,0.0,0.0,0.0,0.0,0.0,0.0,0.0,0.0,0.0,0.0,0.0,0.0,0.0,0.0,0.0,0.0,0.0,0.0,0.0,0.0,0.0,0.0,0.0,0.0,0.0,0.0
USC00305512,"MORRISVILLE 6 SW","MADISON","New York",1681,42.84,-75.73,1.4,T,0.0,0.0,0.0,0.0,M,M,M,0.0,0.0,0.0,0.0,0.0,0.0,0.0,0.0,0.0,0.0,0.0,0.0,0.0,0.0,0.0,0.0,0.0,0.0,0.0,0.0,0.0
USC00305597,"MOUNT MORRIS 2 W","LIVINGSTON","New York",880,42.73,-77.91,0.0,0.0,0.0,0.0,0.0,0.0,0.0,0.0,0.0,0.0,0.0,0.0,0.0,0.0,0.0,0.0,0.0,0.0,0.0,0.0,0.0,0.0,0.0,0.0,0.0,0.0,0.0,0.0,0.0,0.0
USC00305606,"MOUNT SINAI","SUFFOLK","New York",50,40.93,-73.02,0.0,0.0,0.0,0.0,0.0,0.0,0.0,0.0,0.0,0.0,0.0,0.0,0.0,0.0,0.0,0.0,0.0,0.0,0.0,0.0,0.0,0.0,0.0,0.0,0.0,0.0,0.0,0.0,0.0,0.0
US1NYMD0014,"MUNNSVILLE 2.0 SW","MADISON","New York",1009,42.95,-75.61,1.0,0.0,0.0,0.0,0.0,0.0,T,T,0.0,0.0,M,M,M,0.0,0.0,0.0,0.0,0.0,0.0,M,M,M,M,M,M,M,M,M,M,0.0
US1NYYT0009,"NAPLES 5.2 E","YATES","New York",1139,42.60,-77.30,0.0,M,M,0.0,M,M,0.0,M,M,0.0,0.0,M,M,0.0,M,M,0.0,M,M,M,M,M,0.0,0.0,M,M,0.0,M,M,M
US1NYGR0005,"NEW BALTIMORE 0.2 SE","GREENE","New York",40,42.44,-73.79,M,M,M,M,M,M,M,M,M,M,M,0.0,0.0,M,M,M,M,M,M,0.0,M,M,M,M,M,0.0,M,M,M,M
US1NYOD0019,"NEW HARTFORD 0.8 S","ONEIDA","New York",695,43.06,-75.29,M,M,M,0.0,0.0,0.0,T,T,0.0,0.0,0.0,0.0,0.0,0.0,0.0,0.0,0.0,0.0,0.0,0.0,0.0,0.0,0.0,0.0,0.0,0.0,0.0,0.0,0.0,0.0
USC00305751,"NEW LONDON LOCK NO 22","ONEIDA","New York",400,43.21,-75.65,M,M,0.0,0.0,0.0,0.0,0.0,0.0,0.0,0.0,0.0,0.0,0.0,0.0,0.0,0.0,0.0,0.0,0.0,0.0,0.0,0.0,0.0,0.0,0.0,0.0,0.0,0.0,0.0,0.0
USC00305714,"NEWCOMB","ESSEX","New York",1647,43.97,-74.22,7.8,0.5,0.0,0.0,0.0,0.0,T,0.4,0.0,0.0,0.0,0.0,T,0.0,0.0,0.0,0.0,0.0,0.0,0.0,0.0,0.0,0.0,0.0,0.0,0.0,0.0,0.0,0.0,0.0
US1NYTM0015,"NEWFIELD 2.5 S","TOMPKINS","New York",1598,42.32,-76.59,T,0.0,0.0,M,M,0.0,1.4,T,0.0,0.0,0.0,M,0.0,0.0,0.0,M,M,0.0,0.0,M,M,0.0,0.0,0.0,M,M,0.0,M,0.0,M
USC00305840,"NIAGARA FALLS","NIAGARA","New York",588,43.09,-78.97,0.0,0.0,0.0,0.0,0.0,0.0,3.0,0.1,0.0,0.0,0.0,0.0,0.0,0.0,0.0,0.0,0.0,0.0,0.0,0.0,0.0,0.0,0.0,0.0,0.0,0.0,0.0,0.0,0.0,0.0
US1NYNG0011,"NIAGARA FALLS 0.7 WNW","NIAGARA","New York",587,43.10,-79.03,0.0,0.0,0.0,0.0,0.0,1.5,2.6,0.0,0.0,0.0,0.0,0.0,0.0,0.0,0.0,0.0,0.0,0.0,0.0,0.0,0.0,0.0,0.0,0.0,0.0,0.0,0.0,0.0,0.0,0.0
US1NYNG0022,"NIAGARA FALLS 5.7 E","NIAGARA","New York",578,43.08,-78.90,M,M,M,M,M,M,2.6,1.5,0.0,M,M,M,M,M,M,M,M,M,M,M,M,M,M,M,M,M,M,M,M,M
US1NYSC0016,"NISKAYUNA 2.0 N","SCHENECTADY","New York",272,42.85,-73.90,0.2,0.0,0.0,0.0,0.0,0.0,0.0,0.0,0.0,0.0,0.0,M,0.0,0.0,0.0,M,M,0.0,0.0,M,0.0,0.0,0.0,0.0,0.0,M,0.0,0.0,0.0,0.0
US1NYMR0012,"NORTH CHILI 0.6 NW","MONROE","New York",608,43.12,-77.82,M,0.0,0.0,M,M,M,M,M,0.0,0.0,M,M,0.0,0.0,0.0,M,0.0,0.0,0.0,M,M,M,0.0,0.0,M,M,0.0,M,0.0,M
USC00305925,"NORTH CREEK 5 SE","WARREN","New York",890,43.66,-73.90,4.0,T,0.0,0.0,0.0,0.0,0.0,0.3,0.0,0.0,M,0.0,0.0,0.0,0.0,0.0,0.0,0.0,0.0,0.0,0.0,0.0,0.0,0.0,0.0,0.0,0.0,0.0,0.0,0.0
USC00306047,"NORTH TONAWANDA","NIAGARA","New York",578,43.06,-78.86,0.0,0.0,0.0,0.0,0.0,0.4,2.4,0.0,0.0,0.0,0.0,0.0,0.0,0.0,0.0,0.0,0.0,0.0,0.0,0.0,0.0,0.0,0.0,0.0,0.0,0.0,0.0,0.0,0.0,0.0
US1NYNG0002,"NORTH TONAWANDA 1.0 NNE","NIAGARA","New York",578,43.06,-78.86,M,M,0.0,M,M,M,2.3,1.5,0.0,0.0,M,M,0.0,0.0,0.0,M,0.0,0.0,0.0,M,M,M,0.0,0.0,M,M,0.0,M,0.0,M
US1NYNG0018,"NORTH TONAWANDA 1.7 NE","NIAGARA","New York",575,43.06,-78.84,M,M,M,M,M,M,M,M,M,M,M,M,M,M,M,M,M,M,M,M,M,M,M,M,0.0,M,M,M,M,M
US1NYNS0024,"NORTH WANTAGH 0.4 WSW","NASSAU","New York",49,40.70,-73.52,M,0.0,0.0,M,M,M,M,0.0,0.0,0.0,0.0,0.0,0.0,0.0,0.0,0.0,0.0,0.0,0.0,M,0.0,0.0,M,0.0,M,M,M,M,M,0.0
US1NYSF0016,"NORTHPORT 1.6 NNE","SUFFOLK","New York",84,40.92,-73.33,0.0,0.0,0.0,0.0,0.0,0.0,0.0,0.0,0.0,0.0,0.0,0.0,0.0,0.0,0.0,0.0,0.0,0.0,0.0,0.0,0.0,0.0,0.0,0.0,0.0,0.0,0.0,0.0,0.0,0.0
USC00306062,"NORTHVILLE","FULTON","New York",790,43.16,-74.20,M,M,M,0.0,0.0,0.0,M,M,M,0.0,0.0,0.0,0.0,0.0,M,M,0.0,0.0,0.0,0.0,0.0,M,M,0.0,0.0,0.0,0.0,0.0,M,M
USC00306085,"NORWICH","CHENANGO","New York",989,42.51,-75.52,T,0.0,0.0,0.0,0.0,0.0,T,T,0.0,0.0,0.0,0.0,0.0,0.0,0.0,0.0,0.0,0.0,0.0,0.0,0.0,0.0,0.0,0.0,0.0,0.0,0.0,0.0,0.0,0.0
US1NYCN0009,"NORWICH 5.4 W","CHENANGO","New York",1498,42.53,-75.63,0.9,0.3,0.0,0.0,M,0.0,0.4,1.1,0.0,0.0,0.0,0.0,0.0,0.0,0.0,M,M,0.0,0.0,M,M,M,0.0,0.0,M,M,0.0,M,0.0,0.0
US1NYCN0002,"NORWICH 5.7 NE","CHENANGO","New York",1799,42.58,-75.43,1.4,0.0,0.0,M,M,M,0.9,M,0.0,0.0,0.0,0.0,0.0,0.0,0.0,M,M,0.0,0.0,M,M,0.0,0.0,0.0,0.0,M,0.0,M,0.0,0.0
US1NYAB0021,"NWS ALBANY","ALBANY","New York",260,42.68,-73.82,0.1,0.0,0.0,0.0,M,0.0,M,0.0,T,0.0,0.0,0.0,0.0,0.0,0.0,M,M,0.0,0.0,0.0,0.0,M,0.0,0.0,0.0,0.0,0.0,0.0,0.0,0.0
USW00094728,"NY CITY CENTRAL PARK","NEW YORK","New York",140,40.78,-73.97,0.0,0.0,0.0,0.0,0.0,0.0,0.0,0.0,0.0,0.0,0.0,0.0,0.0,0.0,0.0,0.0,0.0,0.0,0.0,0.0,0.0,0.0,0.0,0.0,0.0,0.0,0.0,0.0,0.0,0.0
US1NYSL0010,"OGDENSBURG 1.6 SW","ST. LAWRENCE","New York",279,44.69,-75.49,0.5,0.0,0.0,0.0,0.0,0.0,M,0.0,M,M,M,M,M,M,M,M,M,M,M,M,M,M,M,M,M,M,M,M,M,M
USC00306164,"OGDENSBURG 4 NE","ST. LAWRENCE","New York",280,44.73,-75.44,0.0,0.0,0.0,0.0,0.0,0.0,0.0,0.0,0.0,0.0,0.0,0.0,0.0,0.0,0.0,0.0,0.0,0.0,0.0,0.0,0.0,0.0,0.0,0.0,0.0,0.0,0.0,0.0,0.0,0.0
USC00306196,"OLEAN","CATTARAUGUS","New York",1420,42.07,-78.45,0.0,0.0,0.0,0.0,0.0,0.0,0.0,T,0.0,0.0,0.0,0.0,0.0,0.0,0.0,0.0,0.0,0.0,0.0,0.0,0.0,0.0,0.0,0.0,0.0,0.0,0.0,0.0,0.0,0.0
US1NYCT0006,"OLEAN 1.2 NE","CATTARAUGUS","New York",1541,42.09,-78.41,M,M,M,M,M,0.0,0.1,T,0.0,0.0,0.0,0.0,0.0,0.0,0.0,0.0,0.0,0.0,0.0,0.0,0.0,0.0,0.0,0.0,0.0,0.0,0.0,0.0,0.0,0.0
US1NYES0006,"OLMSTEDVILLE 4.6 NNE","ESSEX","New York",1507,43.83,-73.90,M,M,M,0.0,0.0,0.0,T,M,M,0.0,0.0,0.0,0.0,M,M,M,M,M,0.0,0.0,0.0,0.0,M,M,M,0.0,0.0,0.0,0.0,0.0
US1NYMD0022,"ONEIDA 0.4 NW","MADISON","New York",565,43.08,-75.67,0.2,0.0,0.0,0.0,0.0,0.0,0.1,0.1,0.0,0.0,0.0,0.0,0.0,0.0,0.0,0.0,0.0,0.0,0.0,0.0,0.0,0.0,0.0,0.0,0.0,0.0,0.0,0.0,0.0,0.0
USC00306300,"OSCEOLA","LEWIS","New York",1101,43.50,-75.72,0.5,0.0,0.0,0.0,0.0,0.0,1.0,1.0,0.0,0.0,0.0,0.0,0.0,0.0,0.0,0.0,0.0,0.0,0.0,0.0,0.0,0.0,0.0,0.0,0.0,0.0,0.0,0.0,0.0,0.0
USC00306314,"OSWEGO","OSWEGO","New York",324,43.45,-76.54,0.0,0.0,0.0,0.0,0.0,0.0,0.2,0.0,0.0,0.0,0.0,0.0,0.0,0.0,0.0,0.0,0.0,0.0,0.0,0.0,0.0,0.0,0.0,0.0,0.0,0.0,0.0,0.0,0.0,0.0
US1NYOS0003,"OSWEGO 5.0 ESE","OSWEGO","New York",456,43.44,-76.41,0.0,0.0,0.0,M,M,0.0,0.3,0.0,0.0,0.0,0.0,M,0.0,0.0,0.0,M,M,0.0,0.0,M,M,M,0.0,0.0,0.0,M,0.0,M,M,M
US1NYTG0019,"OWEGO 2.5 ENE","TIOGA","New York",1179,42.12,-76.22,M,M,M,M,M,0.0,0.0,0.0,0.0,0.0,0.0,0.0,0.0,M,M,M,0.0,0.0,0.0,0.0,M,M,0.0,0.0,0.0,0.0,M,0.0,0.0,0.0
US1NYCN0014,"OXFORD 0.8 NNW","CHENANGO","New York",1244,42.45,-75.60,0.8,M,M,M,M,M,T,M,M,M,M,M,M,M,M,M,M,M,M,M,M,M,M,M,M,M,M,M,M,M
US1NYST0040,"PAINTED POST 7.6 SSW","STEUBEN","New York",1087,42.07,-77.17,M,0.0,0.0,M,M,0.0,M,0.0,0.0,0.0,0.0,M,0.0,0.0,0.0,0.0,M,0.0,0.0,M,M,0.0,0.0,0.0,0.0,M,0.0,M,0.0,0.0
USC00306376,"PALERMO 2SSE","OSWEGO","New York",445,43.33,-76.27,0.0,0.0,0.0,0.0,0.0,0.0,0.0,M,0.0,0.0,0.0,0.0,0.0,0.0,0.0,0.0,0.0,0.0,0.0,0.0,0.0,0.0,0.0,0.0,0.0,0.0,0.0,0.0,0.0,0.0
US1NYWN0006,"PALMYRA 1.6 NW","WAYNE","New York",498,43.08,-77.25,M,M,0.0,M,M,M,0.8,M,0.0,0.0,0.0,M,0.0,0.0,0.0,M,M,0.0,M,M,M,0.0,0.0,0.0,M,M,0.0,M,0.0,M
US1NYSC0017,"PATTERSONVILLE 4.2 SSW","SCHENECTADY","New York",1277,42.83,-74.12,M,M,M,M,M,M,M,M,0.0,0.0,0.0,M,M,M,M,M,M,0.0,0.0,M,M,M,0.0,M,0.0,M,M,M,M,M
USC00306464,"PAVILION 2NE","GENESEE","New York",1020,42.91,-77.98,M,M,0.0,0.0,0.0,0.0,M,M,0.0,0.0,0.0,0.0,0.0,0.0,0.0,0.0,0.0,0.0,0.0,0.0,0.0,0.0,0.0,0.0,0.0,0.0,0.0,0.0,0.0,0.0
US1NYWC0011,"PEEKSKILL 0.4 N","WESTCHESTER","New York",179,41.29,-73.92,M,M,0.0,M,M,M,M,M,0.0,0.0,0.0,0.0,M,0.0,0.0,0.0,M,0.0,0.0,M,M,M,M,0.0,M,M,M,M,M,0.0
US1NYYT0005,"PENN YAN 5.1 NNW","YATES","New York",1090,42.73,-77.08,M,M,0.0,M,M,M,0.1,M,0.0,0.0,0.0,M,0.0,0.0,0.0,M,M,0.0,0.0,M,M,M,0.0,0.0,M,M,0.0,M,M,M
USC00306525,"PERRYSBURG","CATTARAUGUS","New York",1210,42.46,-79.00,0.0,0.0,0.0,0.0,0.0,0.0,4.0,3.0,0.0,0.0,0.0,0.0,0.0,0.0,0.0,0.0,0.0,0.0,0.0,0.0,0.0,0.0,0.0,0.0,0.0,0.0,0.0,0.0,0.0,0.0
USC00306538,"PERU 2 WSW","CLINTON","New York",510,44.57,-73.57,6.0,0.0,0.0,0.0,0.0,0.0,0.0,0.0,0.0,0.0,0.0,0.0,0.0,0.0,0.0,0.0,0.0,0.0,0.0,0.0,0.0,0.0,0.0,0.0,0.0,0.0,0.0,0.0,0.0,0.0
US1NYCL0007,"PERU 4.1 ESE","CLINTON","New York",181,44.56,-73.45,7.1,0.5,0.0,0.0,0.0,0.0,0.0,0.0,0.0,0.0,0.0,0.0,0.0,0.0,0.0,0.0,0.0,0.0,0.0,M,0.0,0.0,0.0,0.0,0.0,0.0,M,M,M,0.0
USC00306570,"PHONECIA 2SW","ULSTER","New York",1060,42.07,-74.34,1.3,0.0,0.0,0.0,0.0,0.0,0.0,T,0.0,0.0,0.0,0.0,0.0,0.0,0.0,0.0,0.0,0.0,0.0,0.0,0.0,0.0,0.0,0.0,0.0,0.0,0.0,0.0,0.0,0.0
US1NYCM0017,"PINE CITY 3.1 SE","CHEMUNG","New York",1588,42.00,-76.83,M,M,M,M,M,M,M,0.0,M,M,M,M,M,M,M,M,M,M,M,M,M,M,M,M,M,M,M,M,M,M
US1NYDT0017,"PINE PLAINS 4.9 WNW","DUTCHESS","New York",393,42.02,-73.74,M,M,0.0,0.0,0.0,0.0,M,M,0.0,0.0,0.0,0.0,M,0.0,0.0,M,M,0.0,0.0,M,M,M,M,0.0,M,M,M,M,0.0,0.0
US1NYMR0021,"PITTSFORD 4.0 SSE","MONROE","New York",557,43.03,-77.49,M,M,M,0.0,0.0,0.0,0.5,1.0,0.0,M,0.0,0.0,0.0,0.0,0.0,0.0,0.0,0.0,0.0,0.0,0.0,0.0,0.0,0.0,0.0,0.0,0.0,0.0,0.0,0.0
US1NYNS0043,"PLAINVIEW 0.4 ENE","NASSAU","New York",186,40.79,-73.47,M,M,0.0,M,M,M,M,0.0,0.0,0.0,0.0,0.0,0.0,0.0,0.0,M,0.0,0.0,M,M,M,M,0.0,M,M,M,0.0,M,M,0.0
USC00306649,"PLATTE CLOVE","GREENE","New York",2032,42.14,-74.09,2.0,M,M,M,M,M,M,0.5,M,M,M,M,M,M,M,M,M,M,M,M,M,M,M,M,M,M,M,M,M,M
USC00306660,"PLATTSBURGH 1 S","CLINTON","New York",178,44.69,-73.46,3.0,0.0,0.0,0.0,0.0,0.0,0.0,0.0,0.0,0.0,0.0,0.0,0.0,0.0,M,0.0,0.0,0.0,0.0,0.0,0.0,0.0,0.0,0.0,0.0,0.0,0.0,0.0,0.0,0.0
USW00064776,"PLATTSBURGH INTERNATIONAL AIRPORT","CLINTON","New York",234,44.65,-73.47,M,0.0,0.0,M,M,M,M,0.0,0.0,0.0,M,M,M,0.0,M,M,M,0.0,M,M,M,M,0.0,0.0,M,0.0,0.0,0.0,0.0,M
US1NYOD0002,"POINT ROCK 0.6 SE","ONEIDA","New York",1100,43.37,-75.54,0.4,T,0.0,0.0,0.0,0.0,0.8,0.6,0.0,0.0,0.0,0.0,0.0,0.0,0.0,0.0,0.0,0.0,0.0,0.0,0.0,0.0,0.0,0.0,0.0,0.0,0.0,0.0,0.0,0.0
USC00306774,"PORT JERVIS","ORANGE","New York",580,41.39,-74.69,0.0,0.0,0.0,0.0,0.0,0.0,0.0,0.0,0.0,0.0,0.0,0.0,0.0,0.0,0.0,0.0,0.0,0.0,0.0,0.0,0.0,0.0,0.0,0.0,0.0,0.0,0.0,0.0,0.0,0.0
US1NYNS0027,"PORT WASHINGTON 0.8 N","NASSAU","New York",171,40.84,-73.68,M,M,M,M,M,M,M,M,M,M,M,0.0,M,M,M,M,M,M,M,M,M,M,M,M,M,M,M,M,M,M
USC00306745,"PORTAGEVILLE","WYOMING","New York",1168,42.57,-78.04,0.0,0.0,0.0,0.0,0.0,0.0,T,T,0.0,0.0,0.0,0.0,0.0,0.0,0.0,0.0,0.0,0.0,0.0,0.0,0.0,0.0,0.0,0.0,0.0,0.0,0.0,0.0,0.0,0.0
USC00306747,"PORTLAND1 SW","CHAUTAUQUA","New York",808,42.37,-79.49,0.0,0.0,0.0,0.0,0.0,0.0,1.0,0.0,0.0,0.0,0.0,0.0,0.0,0.0,0.0,0.0,0.0,0.0,0.0,0.0,0.0,0.0,0.0,0.0,0.0,0.0,0.0,0.0,0.0,0.0
USC00306820,"POUGHKEEPSIE","DUTCHESS","New York",251,41.73,-73.92,T,T,0.0,0.0,0.0,0.0,0.0,0.0,0.0,0.0,0.0,0.0,0.0,0.0,0.0,0.0,0.0,0.0,0.0,0.0,0.0,0.0,0.0,0.0,0.0,0.0,0.0,0.0,0.0,0.0
US1NYDT0010,"POUGHKEEPSIE 3.9 SSE","DUTCHESS","New York",238,41.65,-73.90,T,0.0,0.0,0.0,0.0,0.0,0.0,0.0,0.0,0.0,0.0,0.0,0.0,0.0,0.0,0.0,0.0,0.0,0.0,0.0,0.0,0.0,0.0,0.0,0.0,0.0,0.0,0.0,0.0,0.0
USC00306867,"PULASKI","OSWEGO","New York",399,43.57,-76.12,0.0,T,0.0,0.0,0.0,0.0,T,T,0.0,0.0,0.0,0.0,0.0,0.0,0.0,0.0,0.0,0.0,0.0,0.0,0.0,0.0,0.0,0.0,0.0,0.0,0.0,0.0,0.0,0.0
US1NYOS0021,"PULASKI 0.5 NE","OSWEGO","New York",287,43.57,-76.12,M,M,0.0,M,M,M,M,0.0,0.0,0.0,M,M,0.0,0.0,0.0,M,M,M,0.0,M,M,M,M,0.0,0.0,M,M,M,M,M
US1NYWR0013,"QUEENSBURY 2.5 E","WARREN","New York",303,43.36,-73.63,0.9,T,0.0,0.0,0.0,0.0,0.0,0.0,T,0.0,0.0,0.0,0.0,0.0,0.0,0.0,0.0,0.0,0.0,0.0,0.0,0.0,0.0,0.0,0.0,0.0,0.0,0.0,0.0,M
US1NYCT0002,"RANDOLPH 1.1 ENE","CATTARAUGUS","New York",1335,42.17,-78.96,M,M,M,M,M,M,2.0,1.0,M,M,M,M,M,M,M,M,M,M,M,M,M,M,M,M,M,M,M,M,M,M
US1NYAB0010,"RENSSELAERVILLE 2.1 NNW","ALBANY","New York",1602,42.55,-74.15,1.4,0.0,M,M,M,M,M,0.3,0.0,0.0,0.0,M,0.0,0.0,0.0,M,M,0.0,0.0,M,M,M,M,0.0,M,M,M,M,0.0,0.0
US1NYOT0009,"RICHFIELD SPRINGS 0.5 ESE","OTSEGO","New York",1350,42.85,-74.98,1.2,0.0,0.0,M,M,M,0.3,0.2,0.0,0.0,0.0,0.0,M,0.0,0.0,M,M,0.0,M,M,M,M,M,M,M,M,M,M,M,M
US1NYOT0026,"RICHFIELD SPRINGS 4.1 SSE","OTSEGO","New York",1557,42.80,-74.97,M,M,M,M,M,M,M,M,M,M,M,M,M,M,M,M,M,0.0,0.0,M,M,M,0.0,0.0,M,M,0.0,M,0.0,0.0
US1NYSF0103,"RIDGE 1.8 SE","SUFFOLK","New York",69,40.90,-72.85,0.0,0.0,0.0,0.0,0.0,0.0,0.0,0.0,0.0,0.0,0.0,0.0,0.0,0.0,0.0,0.0,0.0,0.0,0.0,0.0,0.0,0.0,0.0,0.0,0.0,0.0,0.0,0.0,0.0,0.0
US1NYSF0002,"RIVERHEAD 1.3 SSE","SUFFOLK","New York",43,40.93,-72.67,M,M,0.0,M,M,M,M,0.0,0.0,0.0,0.0,0.0,0.0,0.0,0.0,M,0.0,0.0,0.0,M,M,M,M,0.0,M,M,M,M,M,0.0
USC00307134,"RIVERHEAD RESEARCH FARM","SUFFOLK","New York",100,40.96,-72.72,0.0,0.0,0.0,0.0,0.0,0.0,0.0,0.0,0.0,0.0,0.0,0.0,0.0,0.0,0.0,0.0,0.0,0.0,0.0,0.0,0.0,0.0,0.0,0.0,0.0,0.0,0.0,0.0,0.0,0.0
US1NYMR0036,"ROCHESTER 3.4 NNW","MONROE","New York",402,43.21,-77.64,M,M,0.0,M,M,M,M,M,0.0,0.0,M,0.0,0.0,0.0,0.0,M,0.0,0.0,M,M,M,M,0.0,0.0,M,M,0.0,M,M,0.0
US1NYMR0047,"ROCHESTER 5.0 W","MONROE","New York",539,43.18,-77.71,0.0,0.0,0.0,0.0,0.0,0.0,2.5,0.3,0.0,0.0,0.0,0.0,0.0,0.0,0.0,0.0,0.0,0.0,0.0,0.0,0.0,0.0,0.0,0.0,0.0,0.0,0.0,0.0,0.0,0.0
US1NYMR0023,"ROCHESTER 5.0 WNW","MONROE","New York",430,43.20,-77.70,M,M,0.0,M,M,M,1.2,T,0.0,0.0,M,M,0.0,0.0,0.0,M,0.0,0.0,0.0,M,M,M,0.0,0.0,0.0,M,M,M,M,0.0
USW00014768,"ROCHESTER GREATER INT'L","MONROE","New York",539,43.12,-77.68,0.0,0.0,0.0,0.0,0.0,0.5,2.0,0.0,0.0,0.0,0.0,0.0,0.0,0.0,0.0,0.0,0.0,0.0,0.0,0.0,0.0,0.0,0.0,0.0,0.0,0.0,0.0,0.0,0.0,0.0
US1NYSV0005,"ROCK HILL 2.0 NE","SULLIVAN","New York",1557,41.63,-74.56,0.3,T,0.0,M,M,M,M,M,M,M,M,M,M,M,M,M,M,M,M,M,M,M,M,M,M,M,M,M,M,M
USC00307210,"ROCK HILL 3 SW","SULLIVAN","New York",1270,41.59,-74.61,M,M,M,M,M,M,M,M,M,M,0.0,0.0,0.0,0.0,0.0,0.0,0.0,0.0,0.0,0.0,0.0,0.0,0.0,0.0,0.0,0.0,0.0,0.0,0.0,0.0
US1NYSF0024,"RONKONKOMA 1.4 WSW","SUFFOLK","New York",66,40.80,-73.15,M,0.0,0.0,0.0,M,M,M,0.0,0.0,0.0,0.0,0.0,0.0,0.0,0.0,0.0,M,M,0.0,M,M,M,M,M,M,M,M,M,M,0.0
US1NYUL0016,"ROSENDALE VILLAGE 1.8 WNW","ULSTER","New York",298,41.86,-74.11,0.3,0.0,0.0,M,M,M,M,M,0.0,0.0,0.0,0.0,M,0.0,0.0,M,M,M,M,M,M,M,M,0.0,M,M,M,0.0,0.0,0.0
US1NYUL0003,"ROSENDALE VILLAGE 2.4 NNE","ULSTER","New York",178,41.88,-74.06,M,M,0.0,M,M,0.0,M,0.0,0.0,0.0,0.0,0.0,M,0.0,0.0,0.0,M,0.0,0.0,M,M,M,M,0.0,M,M,M,0.0,0.0,0.0
US1NYUL0004,"RUBY 0.5 NE","ULSTER","New York",309,42.02,-74.02,M,0.0,0.0,M,M,0.0,M,0.0,0.0,M,0.0,M,M,0.0,0.0,M,M,M,0.0,M,M,M,M,0.0,0.0,0.0,M,M,M,0.0
USC00307329,"RUSHFORD","ALLEGANY","New York",1522,42.39,-78.25,0.0,0.0,0.0,0.0,0.0,0.0,1.0,0.0,0.0,0.0,0.0,0.0,0.0,0.0,0.0,0.0,0.0,0.0,0.0,0.0,0.0,0.0,0.0,0.0,0.0,0.0,0.0,0.0,0.0,0.0
USC00307425,"SANBORN 4NE","NIAGARA","New York",633,43.17,-78.82,M,M,M,M,M,M,M,M,M,M,M,M,M,M,M,M,M,M,M,M,M,M,M,M,M,M,0.0,0.0,0.0,0.0
US1NYCL0012,"SARANAC 0.8 SSE","CLINTON","New York",830,44.64,-73.74,4.5,M,M,M,M,M,M,M,M,M,M,M,M,M,M,M,M,M,M,M,M,M,M,M,M,M,M,M,M,M
US1NYFK0007,"SARANAC LAKE 6.2 N","FRANKLIN","New York",1710,44.41,-74.15,3.7,1.7,0.0,0.0,0.0,0.0,T,1.9,0.0,0.0,0.0,0.0,M,T,M,M,M,M,M,M,M,M,M,M,M,M,M,M,M,M
USW00094740,"SARANAC LAKE ADIRONDACK REGIONAL","FRANKLIN","New York",1663,44.39,-74.21,M,M,0.0,M,0.0,M,M,M,0.0,0.0,M,M,M,0.0,M,0.0,M,0.0,M,M,M,M,M,0.0,M,M,0.0,M,0.0,M
US1NYSR0004,"SARATOGA SPRINGS 0.5 S","SARATOGA","New York",310,43.06,-73.78,1.4,T,0.0,0.0,0.0,0.0,0.0,0.0,0.0,0.0,0.0,0.0,0.0,0.0,0.0,0.0,0.0,0.0,0.0,0.0,0.0,0.0,0.0,0.0,0.0,0.0,0.0,0.0,0.0,0.0
USC00307484,"SARATOGA SPRINGS 4 SW","SARATOGA","New York",326,43.04,-73.82,0.0,0.0,0.0,0.0,0.0,0.0,0.0,0.0,0.0,0.0,0.0,0.0,0.0,0.0,0.0,0.0,0.0,0.0,0.0,0.0,0.0,0.0,0.0,0.0,0.0,0.0,0.0,0.0,0.0,0.0
US1NYST0010,"SAVONA 4.7 S","STEUBEN","New York",1480,42.22,-77.22,M,M,0.0,M,M,0.0,M,M,0.0,0.0,0.0,M,0.0,0.0,0.0,M,M,0.0,0.0,M,M,M,0.0,0.0,M,M,M,M,M,M
US1NYSF0049,"SAYVILLE 1.0 SSE","SUFFOLK","New York",15,40.73,-73.08,M,0.0,0.0,M,M,M,M,0.0,M,0.0,0.0,0.0,0.0,0.0,0.0,0.0,0.0,0.0,0.0,M,M,0.0,0.0,M,M,M,M,M,M,0.0
US1NYSC0011,"SCHENECTADY 3.3 E","SCHENECTADY","New York",330,42.79,-73.86,0.0,0.0,0.0,0.0,0.0,M,M,M,0.0,0.0,0.0,0.0,0.0,0.0,0.0,M,M,0.0,M,M,M,M,M,0.0,M,M,M,M,M,0.0
US1NYAB0006,"SCHENECTADY 5.6 SSW","ALBANY","New York",291,42.72,-73.93,1.2,0.0,0.0,0.0,0.0,0.0,0.0,0.0,0.0,0.0,0.0,M,M,0.0,0.0,M,M,0.0,0.0,M,M,M,0.0,0.0,0.0,M,M,M,0.0,0.0
USC00307520,"SCHOHARIE","SCHOHARIE","New York",734,42.67,-74.30,1.0,0.0,0.0,0.0,0.0,0.0,0.0,0.0,0.0,0.0,0.0,0.0,0.0,0.0,0.0,0.0,0.0,0.0,0.0,0.0,0.0,0.0,0.0,0.0,0.0,0.0,0.0,0.0,0.0,0.0
US1NYES0005,"SCHROON LAKE 3.5 SW","ESSEX","New York",1367,43.81,-73.82,8.0,M,0.0,M,M,M,M,1.0,0.0,0.0,0.0,M,0.0,0.0,0.0,M,M,0.0,0.0,M,M,M,0.0,0.0,0.0,M,0.0,M,0.0,0.0
US1NYSC0002,"SCOTIA 1.1 NW","SCHENECTADY","New York",274,42.84,-73.97,M,M,M,M,M,M,M,M,0.0,M,M,M,M,M,M,M,M,M,M,M,M,M,0.0,M,M,M,M,M,M,M
US1NYSF0070,"SHELTER ISLAND HEIGHTS 2.1 SSW","SUFFOLK","New York",15,41.05,-72.36,M,M,M,M,M,M,M,0.0,0.0,0.0,M,M,0.0,0.0,0.0,M,M,M,0.0,M,M,M,M,0.0,M,M,M,M,M,0.0
USC00307705,"SHERBURNE","CHENANGO","New York",1095,42.68,-75.51,T,0.0,0.0,0.0,0.0,0.0,0.0,T,0.0,0.0,0.0,0.0,0.0,0.0,0.0,0.0,0.0,0.0,0.0,0.0,0.0,0.0,0.0,0.0,0.0,0.0,0.0,0.0,0.0,0.0
US1NYSF0044,"SHIRLEY 2.9 N","SUFFOLK","New York",96,40.84,-72.87,M,M,0.0,M,M,M,M,0.0,0.0,0.0,0.0,0.0,0.0,0.0,0.0,0.0,0.0,0.0,0.0,M,M,M,M,0.0,M,M,M,M,M,0.0
USC00307742,"SHRUB OAK","WESTCHESTER","New York",462,41.33,-73.84,0.0,0.0,0.0,0.0,0.0,0.0,0.0,0.0,0.0,0.0,0.0,0.0,0.0,0.0,0.0,0.0,0.0,0.0,0.0,0.0,0.0,0.0,0.0,0.0,0.0,0.0,0.0,0.0,0.0,0.0
USC00307749,"SILVER SPRINGS 3N","WYOMING","New York",1667,42.71,-78.09,0.0,0.0,0.0,0.0,0.0,0.0,1.9,0.6,0.0,0.0,0.0,0.0,0.0,0.0,0.0,0.0,0.0,0.0,0.0,0.0,0.0,0.0,0.0,0.0,0.0,0.0,0.0,0.0,0.0,0.0
USC00307780,"SKANEATELES","ONONDAGA","New York",875,42.95,-76.43,0.0,0.0,0.0,0.0,0.0,0.0,1.0,T,0.0,0.0,0.0,0.0,0.0,0.0,0.0,0.0,0.0,0.0,0.0,0.0,0.0,0.0,0.0,0.0,0.0,0.0,0.0,0.0,0.0,0.0
US1NYOG0061,"SKANEATELES 0.8 NNW","ONONDAGA","New York",937,42.96,-76.43,0.0,0.0,0.0,0.0,0.0,0.0,1.6,0.0,0.0,0.0,0.0,M,M,0.0,0.0,M,M,0.0,0.0,M,M,M,0.0,0.0,M,M,0.0,M,M,M
US1NYSY0001,"SMITH VALLEY 1.9 SE","SCHUYLER","New York",1398,42.39,-76.72,0.1,0.0,0.0,0.0,0.0,0.0,1.7,1.2,0.0,0.0,0.0,0.0,0.0,0.0,0.0,0.0,0.0,0.0,0.0,0.0,0.0,0.0,0.0,0.0,0.0,0.0,0.0,0.0,0.0,0.0
US1NYSF0069,"SMITHTOWN 2.5 ENE","SUFFOLK","New York",145,40.87,-73.17,M,M,M,M,M,M,M,0.0,M,0.0,0.0,M,M,M,M,M,M,M,M,M,M,M,M,M,M,M,M,M,M,M
USC00307842,"SODUS 1W","WAYNE","New York",444,43.24,-77.08,0.0,0.0,0.0,0.0,0.0,0.0,0.7,0.0,0.0,0.0,0.0,0.0,0.0,0.0,0.0,0.0,0.0,0.0,0.0,0.0,0.0,0.0,0.0,0.0,0.0,0.0,0.0,0.0,0.0,0.0
US1NYST0003,"SOUTH CORNING 4.7 S","STEUBEN","New York",1730,42.06,-77.05,0.2,T,0.0,0.0,0.0,0.0,1.7,T,0.0,0.0,0.0,0.0,0.0,0.0,0.0,0.0,0.0,0.0,0.0,0.0,0.0,0.0,0.0,0.0,0.0,0.0,0.0,0.0,0.0,0.0
US1NYWC0006,"SOUTH SALEM 2.1 NW","WESTCHESTER","New York",497,41.30,-73.57,0.0,0.0,0.0,0.0,0.0,0.0,0.0,0.0,0.0,0.0,0.0,0.0,0.0,0.0,0.0,0.0,0.0,0.0,0.0,0.0,0.0,0.0,0.0,0.0,0.0,0.0,0.0,0.0,0.0,0.0
US1NYHM0001,"SPECULATOR 10.0 SSW","HAMILTON","New York",1722,43.45,-74.47,5.0,M,M,M,M,M,T,M,M,M,M,M,M,M,M,M,M,M,M,M,M,M,M,M,M,M,M,M,M,M
USC00308132,"SPRINGVILLE 5NE","ERIE","New York",1691,42.55,-78.58,0.5,0.0,0.0,0.0,0.0,0.0,4.0,0.0,0.0,0.0,0.0,0.0,0.0,0.0,0.0,0.0,0.0,0.0,0.0,0.0,0.0,0.0,0.0,0.0,0.0,0.0,0.0,0.0,0.0,0.0
US1NYGN0006,"STAFFORD 1.8 NE","GENESEE","New York",899,43.00,-78.05,M,M,M,M,M,M,3.8,0.3,0.0,0.0,0.0,M,0.0,0.0,0.0,M,0.0,0.0,M,M,M,M,0.0,0.0,M,M,0.0,M,M,0.0
US1NYRC0002,"STATEN ISLAND 1.4 SE","RICHMOND","New York",72,40.57,-74.13,M,0.0,0.0,M,M,M,M,M,0.0,0.0,0.0,0.0,M,0.0,M,M,M,0.0,M,M,M,0.0,M,0.0,M,M,M,M,M,0.0
US1NYRC0001,"STATEN ISLAND 4.5 SSE","RICHMOND","New York",35,40.54,-74.15,0.0,0.0,0.0,M,M,0.0,M,0.0,0.0,0.0,0.0,0.0,M,0.0,0.0,0.0,M,0.0,0.0,M,M,0.0,M,0.0,0.0,M,M,M,M,M
USC00308248,"STILLWATER RESERVOIR","HERKIMER","New York",1690,43.89,-75.04,M,M,0.0,0.0,0.0,0.0,1.0,M,M,0.0,0.0,0.0,0.0,0.0,M,M,0.0,0.0,0.0,0.0,0.0,M,M,0.0,0.0,0.0,0.0,0.0,M,M
US1NYUL0021,"STONE RIDGE 0.5 WNW","ULSTER","New York",371,41.84,-74.16,T,0.0,0.0,M,M,M,M,M,0.0,0.0,0.0,0.0,M,0.0,0.0,M,M,0.0,0.0,M,M,M,M,0.0,M,M,M,M,0.0,0.0
US1NYUL0008,"STONE RIDGE 4.9 NNW","ULSTER","New York",508,41.92,-74.18,M,M,M,M,M,M,M,M,M,M,0.0,M,0.0,M,M,M,M,M,M,M,M,M,M,0.0,M,M,M,M,M,M
US1NYNS0036,"SYOSSET 2.0 SSW","NASSAU","New York",180,40.79,-73.51,M,0.0,0.0,M,M,M,M,M,M,M,0.0,0.0,M,0.0,M,M,M,M,M,M,M,M,M,M,M,M,M,M,M,M
US1NYOG0020,"SYRACUSE 1.4 SE","ONONDAGA","New York",585,43.03,-76.12,M,M,M,0.0,0.0,0.0,0.1,T,0.0,0.0,0.0,0.0,0.0,0.0,0.0,0.0,0.0,0.0,0.0,0.0,0.0,0.0,0.0,0.0,0.0,0.0,0.0,0.0,0.0,0.0
US1NYOG0052,"SYRACUSE 2.7 S","ONONDAGA","New York",430,43.00,-76.14,M,0.0,0.0,M,M,M,M,M,0.0,0.0,0.0,M,0.0,0.0,0.0,M,M,0.0,0.0,M,M,M,0.0,0.0,M,M,0.0,M,0.0,M
USW00014771,"SYRACUSE HANCOCK INTL AP","ONONDAGA","New York",413,43.11,-76.10,T,0.0,0.0,0.0,0.0,0.0,0.3,0.0,0.0,0.0,0.0,0.0,0.0,0.0,0.0,0.0,0.0,0.0,0.0,0.0,0.0,0.0,0.0,0.0,0.0,0.0,0.0,0.0,0.0,0.0
USC00308412,"TAYLORVILLE","LEWIS","New York",995,43.93,-75.32,0.0,0.0,0.0,0.0,0.0,0.0,0.0,0.0,0.0,0.0,0.0,0.0,0.0,0.0,0.0,0.0,0.0,0.0,0.0,0.0,0.0,0.0,0.0,0.0,0.0,0.0,0.0,0.0,0.0,0.0
USC00308455,"THERESA 4NW","JEFFERSON","New York",361,44.28,-75.84,T,0.0,0.0,0.0,0.0,T,0.0,T,0.0,0.0,0.0,0.0,0.0,0.0,0.0,0.0,0.0,0.0,0.0,0.0,0.0,0.0,0.0,0.0,0.0,0.0,0.0,0.0,0.0,0.0
US1NYER0086,"TONAWANDA 1.5 NNE","ERIE","New York",579,43.01,-78.87,M,0.0,0.0,M,0.0,M,2.5,0.0,0.0,0.0,M,0.0,0.0,0.0,0.0,0.0,0.0,0.0,M,M,M,0.0,0.0,0.0,M,M,M,M,0.0,M
US1NYER0072,"TONAWANDA 3.1 NE","ERIE","New York",570,43.01,-78.83,M,0.0,0.0,M,M,M,2.0,M,0.0,0.0,0.0,0.0,0.0,0.0,0.0,0.0,0.0,0.0,0.0,0.0,0.0,0.0,0.0,0.0,0.0,0.0,0.0,0.0,0.0,0.0
USC00308578,"TRENTON FALLS","ONEIDA","New York",800,43.28,-75.16,0.0,0.0,0.0,0.0,0.0,0.0,0.0,0.0,0.0,0.0,0.0,0.0,0.0,0.0,0.0,0.0,0.0,0.0,0.0,0.0,0.0,0.0,0.0,0.0,0.0,0.0,0.0,0.0,0.0,0.0
US1NYRN0015,"TROY 0.7 E","RENSSELAER","New York",434,42.74,-73.66,M,M,0.0,M,M,M,M,M,0.0,0.0,0.0,M,M,0.0,0.0,M,M,0.0,0.0,M,M,M,M,0.0,0.0,M,M,M,M,M
US1NYRN0020,"TROY 2.1 NNE","RENSSELAER","New York",446,42.76,-73.65,0.2,T,0.0,0.0,0.0,0.0,0.0,0.0,0.0,0.0,0.0,0.0,M,M,M,M,M,M,0.0,0.0,0.0,0.0,0.0,0.0,0.0,0.0,0.0,0.0,0.0,0.0
US1NYRN0013,"TROY 6.9 NE","RENSSELAER","New York",688,42.79,-73.56,0.7,M,0.0,M,M,M,M,M,M,0.0,0.0,M,M,M,0.0,M,M,0.0,0.0,M,M,M,M,M,0.0,M,M,M,M,0.0
USC00308600,"TROY LOCK AND DAM","RENSSELAER","New York",15,42.75,-73.69,0.0,0.0,0.0,0.0,0.0,M,0.0,0.0,M,M,M,M,0.0,0.0,0.0,0.0,0.0,0.0,0.0,0.0,0.0,0.0,0.0,0.0,0.0,0.0,M,M,M,M
US1NYTM0038,"TRUMANSBURG 0.4 WNW","TOMPKINS","New York",991,42.54,-76.67,0.0,0.0,0.0,0.0,0.0,0.0,0.5,T,0.0,0.0,0.0,0.0,0.0,0.0,M,M,M,M,0.0,0.0,0.0,0.0,0.0,0.0,0.0,0.0,0.0,0.0,0.0,0.0
US1NYOG0057,"TULLY 3.4 ENE","ONONDAGA","New York",1337,42.81,-76.04,M,M,M,M,M,M,M,M,M,M,M,0.0,M,0.0,M,M,M,0.0,0.0,M,M,M,M,M,M,M,0.0,M,M,M
USC00308631,"TUPPER LAKE SUNMOUNT","FRANKLIN","New York",1680,44.23,-74.44,2.0,0.0,0.0,0.0,0.0,0.0,0.0,0.0,0.0,0.0,0.0,0.0,0.0,0.0,0.0,0.0,0.0,0.0,0.0,0.0,0.0,0.0,0.0,0.0,0.0,0.0,0.0,0.0,M,0.0
US1NYUL0020,"ULSTER PARK 0.9 NNW","ULSTER","New York",176,41.87,-73.99,M,0.0,0.0,M,M,M,M,M,0.0,0.0,0.0,0.0,M,0.0,0.0,0.0,0.0,0.0,M,M,M,M,M,0.0,M,M,M,0.0,0.0,0.0
USC00308721,"UPTON COOP - NWSFO NEW YORK","SUFFOLK","New York",80,40.87,-72.86,0.0,0.0,0.0,0.0,0.0,0.0,0.0,0.0,0.0,0.0,0.0,0.0,0.0,0.0,0.0,0.0,0.0,0.0,0.0,0.0,0.0,0.0,0.0,0.0,0.0,0.0,0.0,0.0,0.0,0.0
US1NYNS0035,"VALLEY STREAM 0.6 SE","NASSAU","New York",12,40.66,-73.70,M,0.0,0.0,M,M,M,M,0.0,0.0,0.0,0.0,M,0.0,0.0,0.0,M,M,0.0,M,M,M,M,0.0,M,M,M,M,M,M,0.0
US1NYCM0010,"VAN ETTEN 0.3 ENE","CHEMUNG","New York",600,42.20,-76.55,M,M,M,M,M,M,M,T,M,M,M,M,M,M,M,M,M,M,M,M,M,M,M,M,M,M,M,M,M,M
US1NYWY0007,"VARYSBURG 3.1 E","WYOMING","New York",1698,42.76,-78.25,M,M,0.0,0.0,0.0,0.0,5.4,M,M,M,0.0,0.0,0.0,0.0,0.0,M,M,0.0,0.0,0.0,0.0,0.0,0.0,0.0,M,M,0.0,M,M,M
US1NYOD0011,"VERNON 0.4 NNW","ONEIDA","New York",614,43.09,-75.54,0.2,0.0,0.0,0.0,0.0,0.0,T,0.0,0.0,0.0,0.0,0.0,0.0,0.0,0.0,0.0,0.0,0.0,0.0,0.0,0.0,0.0,0.0,0.0,0.0,0.0,0.0,0.0,0.0,0.0
US1NYBM0040,"VESTAL 0.4 SSE","BROOME","New York",868,42.08,-76.05,M,M,M,M,M,M,M,M,0.0,0.0,0.0,M,0.0,M,0.0,M,M,0.0,0.0,M,M,M,M,0.0,M,M,0.0,M,M,0.0
US1NYBM0007,"VESTAL 2.8 SSE","BROOME","New York",994,42.05,-76.03,0.3,0.0,0.0,0.0,0.0,0.0,T,T,0.0,0.0,0.0,0.0,0.0,0.0,0.0,0.0,M,0.0,0.0,0.0,0.0,M,0.0,0.0,M,M,0.0,M,0.0,M
US1NYBM0034,"VESTAL 3.2 E","BROOME","New York",1390,42.08,-75.99,1.0,1.0,0.0,M,M,M,T,M,0.0,0.0,0.0,M,M,M,0.0,M,M,0.0,0.0,M,M,M,0.0,0.0,0.0,M,0.0,M,0.0,M
US1NYOG0006,"VILLAGE GREEN 2.6 ESE","ONONDAGA","New York",425,43.12,-76.27,0.0,0.0,0.0,0.0,0.0,0.0,T,0.0,0.0,0.0,0.0,0.0,0.0,0.0,0.0,0.0,0.0,0.0,0.0,0.0,0.0,0.0,0.0,0.0,0.0,0.0,0.0,0.0,0.0,0.0
US1NYSF0104,"WADING RIVER 2.0 NW","SUFFOLK","New York",56,40.96,-72.85,M,0.0,0.0,M,M,M,M,0.0,0.0,0.0,0.0,0.0,0.0,0.0,0.0,0.0,M,0.0,0.0,M,M,M,M,0.0,M,M,M,M,M,0.0
USC00308910,"WALES","ERIE","New York",1135,42.74,-78.59,0.0,0.0,0.0,0.0,0.0,0.0,3.3,0.8,0.0,0.0,0.0,0.0,0.0,0.0,0.0,0.0,0.0,0.0,0.0,0.0,0.0,0.0,0.0,0.0,0.0,0.0,0.0,0.0,0.0,0.0
USC00308932,"WALTON 2","DELAWARE","New York",1480,42.18,-75.15,0.0,T,0.0,0.0,0.0,0.0,0.0,1.0,0.0,0.0,0.0,0.0,0.0,0.0,0.0,0.0,0.0,0.0,0.0,0.0,0.0,0.0,0.0,0.0,0.0,0.0,0.0,0.0,0.0,0.0
US1NYDL0024,"WALTON 6.5 W","DELAWARE","New York",1249,42.17,-75.26,0.2,0.2,0.0,M,M,M,M,M,M,M,M,M,M,M,M,M,M,M,M,M,M,M,M,M,M,M,M,M,M,M
US1NYWN0010,"WALWORTH 1.7 SW","WAYNE","New York",520,43.12,-77.30,M,M,M,M,M,M,1.8,1.8,M,M,M,M,M,M,M,M,M,M,M,M,M,M,M,M,M,M,M,M,M,M
US1NYNS0034,"WANTAGH 0.3 ESE","NASSAU","New York",14,40.67,-73.51,M,M,0.0,M,M,M,0.0,0.0,0.0,0.0,0.0,0.0,0.0,0.0,M,0.0,M,0.0,0.0,M,M,0.0,M,0.0,M,M,M,M,M,0.0
US1NYNS0037,"WANTAGH 1.1 NNE","NASSAU","New York",34,40.68,-73.50,0.0,M,0.0,M,M,M,M,M,0.0,0.0,0.0,0.0,M,M,M,0.0,M,M,0.0,M,M,M,M,M,M,M,M,M,M,M
US1NYDT0005,"WAPPINGERS FALLS 1.6 ESE","DUTCHESS","New York",231,41.59,-73.89,M,M,0.0,M,M,M,M,M,0.0,0.0,0.0,0.0,M,0.0,0.0,0.0,M,0.0,0.0,M,M,M,M,0.0,M,M,M,M,0.0,0.0
US1NYOG0062,"WARNERS 0.7 WNW","ONONDAGA","New York",449,43.09,-76.34,0.0,0.0,M,0.0,0.0,0.0,T,0.0,0.0,0.0,0.0,0.0,M,0.0,M,M,M,0.0,M,M,0.0,0.0,M,0.0,0.0,0.0,0.0,0.0,M,M
US1NYWR0010,"WARRENSBURG 2.1 WNW","WARREN","New York",664,43.52,-73.81,2.6,0.3,0.0,0.0,0.0,0.0,0.0,M,0.0,0.0,0.0,0.0,M,M,0.0,0.0,0.0,0.0,0.0,0.0,0.0,0.0,0.0,0.0,0.0,0.0,0.0,0.0,0.0,M
USC00308962,"WARSAW 6 SW","WYOMING","New York",1819,42.69,-78.22,0.0,T,0.0,0.0,0.0,0.0,4.0,1.4,0.0,0.0,0.0,0.0,0.0,0.0,0.0,0.0,0.0,0.0,0.0,0.0,0.0,0.0,0.0,0.0,0.0,0.0,0.0,0.0,0.0,0.0
US1NYOR0004,"WARWICK 3.2 WNW","ORANGE","New York",621,41.27,-74.42,M,0.0,0.0,M,M,0.0,0.0,0.0,0.0,0.0,0.0,0.0,M,0.0,0.0,0.0,M,0.0,0.0,M,M,0.0,M,0.0,0.0,M,0.0,0.0,M,0.0
USC00308987,"WATERLOO","SENECA","New York",452,42.90,-76.86,M,M,M,M,M,M,M,M,M,M,0.0,0.0,0.0,0.0,0.0,0.0,0.0,0.0,0.0,0.0,0.0,0.0,0.0,0.0,0.0,0.0,0.0,0.0,0.0,0.0
USC00309000,"WATERTOWN","JEFFERSON","New York",497,43.98,-75.88,T,0.0,0.0,0.0,0.0,0.0,0.0,0.0,0.0,0.0,0.0,0.0,0.0,0.0,0.0,0.0,0.0,0.0,0.0,0.0,0.0,0.0,0.0,0.0,0.0,0.0,0.0,0.0,0.0,0.0
US1NYSY0006,"WATKINS GLEN 4.6 NW","SCHUYLER","New York",1425,42.42,-76.94,0.3,0.0,0.0,0.0,0.0,0.0,0.9,T,0.0,0.0,0.0,M,0.0,0.0,0.0,M,M,0.0,0.0,M,M,M,0.0,0.0,M,M,0.0,M,0.0,M
USC00309047,"WAVERLY","TIOGA","New York",800,42.00,-76.52,M,M,M,M,M,0.0,M,0.0,0.0,M,M,0.0,0.0,M,M,M,M,M,M,M,0.0,0.0,0.0,0.0,0.0,M,M,M,M,M
USC00309049,"WEBSTER 2 NE","MONROE","New York",275,43.24,-77.39,0.0,0.0,0.0,0.0,0.0,0.0,1.3,0.0,0.0,0.0,0.0,0.0,0.0,0.0,0.0,0.0,0.0,0.0,0.0,0.0,0.0,0.0,0.0,0.0,0.0,0.0,0.0,0.0,0.0,0.0
US1NYMR0050,"WEBSTER 3.0 W","MONROE","New York",393,43.21,-77.48,M,M,0.0,M,M,M,0.9,0.0,0.0,0.0,0.0,0.0,0.0,0.0,0.0,M,M,0.0,M,M,M,0.0,0.0,0.0,M,M,0.0,M,0.0,0.0
US1NYMR0026,"WEBSTER 3.2 W","MONROE","New York",410,43.21,-77.49,M,M,M,M,M,0.8,M,M,M,M,M,M,M,M,M,M,M,M,M,M,M,M,M,M,M,M,M,M,M,M
USC00309072,"WELLSVILLE","ALLEGANY","New York",1509,42.12,-77.95,0.0,0.0,0.0,0.0,0.0,0.0,T,0.0,0.0,0.0,0.0,0.0,0.0,0.0,0.0,0.0,0.0,0.0,0.0,0.0,0.0,0.0,0.0,0.0,0.0,0.0,0.0,0.0,0.0,0.0
US1NYAL0002,"WEST ALMOND 3.6 SW","ALLEGANY","New York",1823,42.27,-77.94,M,M,0.0,M,M,M,1.6,0.6,0.0,0.0,0.0,M,0.0,0.0,0.0,M,M,0.0,0.0,M,M,0.0,0.0,0.0,M,M,0.0,M,M,M
USC00309089,"WEST BLOOMFIELD 1 S","ONTARIO","New York",990,42.88,-77.53,0.0,0.0,0.0,0.0,0.0,0.0,1.0,0.5,0.0,0.0,0.0,0.0,0.0,0.0,0.0,0.0,0.0,0.0,0.0,0.0,0.0,0.0,0.0,0.0,0.0,0.0,0.0,0.0,0.0,0.0
US1NYCM0007,"WEST ELMIRA 0.5 SSE","CHEMUNG","New York",890,42.08,-76.85,M,M,0.0,M,M,0.0,M,M,0.0,0.0,0.0,M,0.0,0.0,0.0,M,M,0.0,0.0,M,M,M,0.0,0.0,M,M,0.0,M,0.0,0.0
US1NYUL0023,"WEST HURLEY 0.1 S","ULSTER","New York",607,42.00,-74.11,M,M,M,M,M,M,M,M,M,M,M,M,M,0.0,0.0,M,M,0.0,0.0,M,M,M,M,0.0,0.0,M,M,M,0.0,0.0
US1NYSF0065,"WEST ISLIP 0.6 SW","SUFFOLK","New York",17,40.70,-73.31,M,M,M,M,M,M,M,0.0,M,M,M,M,M,M,M,M,M,M,M,M,M,M,M,M,M,M,M,M,M,M
USC00309292,"WEST POINT","ORANGE","New York",320,41.39,-73.96,0.0,0.0,0.0,0.0,0.0,0.0,0.0,0.0,0.0,0.0,0.0,0.0,0.0,0.0,0.0,0.0,0.0,0.0,0.0,0.0,0.0,0.0,0.0,0.0,0.0,0.0,0.0,0.0,0.0,0.0
US1NYER0113,"WEST SENECA 0.4 E","ERIE","New York",651,42.84,-78.74,M,M,0.0,M,M,M,1.5,0.3,0.0,0.0,M,M,0.0,0.0,0.0,M,0.0,0.0,0.0,M,M,M,0.0,0.0,M,M,0.0,M,M,M
US1NYER0053,"WEST SENECA 1.9 W","ERIE","New York",610,42.84,-78.79,M,M,M,M,M,M,1.0,0.2,0.0,0.0,M,M,0.0,0.0,0.0,M,M,0.0,0.0,M,M,M,0.0,0.0,M,M,0.0,M,M,M
USC00309248,"WESTMORELAND 4N","ONEIDA","New York",565,43.16,-75.46,0.2,T,0.0,0.0,0.0,0.0,0.1,T,0.0,0.0,0.0,0.0,0.0,0.0,0.0,0.0,0.0,0.0,0.0,0.0,0.0,0.0,0.0,0.0,0.0,0.0,0.0,0.0,0.0,0.0
US1NYWC0003,"WHITE PLAINS 3.1 NNW","WESTCHESTER","New York",233,41.06,-73.77,M,M,0.0,M,M,M,M,M,0.0,0.0,0.0,0.0,M,0.0,0.0,0.0,M,0.0,0.0,M,M,M,M,0.0,M,M,M,M,M,M
US1NYOD0042,"WHITESBORO 2.3 SW","ONEIDA","New York",548,43.10,-75.33,M,M,0.0,0.0,0.0,0.0,0.0,0.0,0.0,M,M,M,M,M,0.0,0.0,0.0,0.0,0.0,0.0,0.0,0.0,0.0,0.0,0.0,0.0,0.0,0.0,0.0,0.0
USC00309425,"WHITESVILLE 1N","ALLEGANY","New York",2169,42.06,-77.76,0.0,0.0,0.0,0.0,0.0,0.0,0.4,0.0,0.0,0.0,0.0,0.0,0.0,0.0,0.0,0.0,0.0,0.0,0.0,0.0,0.0,0.0,0.0,0.0,0.0,0.0,0.0,0.0,0.0,0.0
US1NYBM0014,"WHITNEY POINT 1.7 SSE","BROOME","New York",1266,42.31,-75.96,1.1,T,0.0,0.0,0.0,0.0,T,0.2,0.0,0.0,0.0,0.0,0.0,0.0,0.0,0.0,0.0,0.0,0.0,0.0,0.0,0.0,0.0,0.0,0.0,0.0,0.0,0.0,0.0,0.0
US1NYBM0010,"WHITNEY POINT 3.7 ENE","BROOME","New York",1142,42.35,-75.90,M,M,M,M,M,M,M,M,M,M,M,M,M,0.0,M,M,M,M,M,M,M,M,M,M,M,M,M,M,M,M
USC00309442,"WHITNEY POINT DAM","BROOME","New York",1040,42.34,-75.97,M,M,0.0,0.0,0.0,0.0,T,0.0,0.0,0.0,0.0,0.0,0.0,0.0,0.0,0.0,0.0,0.0,0.0,0.0,0.0,0.0,0.0,0.0,0.0,0.0,0.0,0.0,0.0,0.0
US1NYCR0003,"WILLET 1.8 E","CORTLAND","New York",1402,42.47,-75.87,1.6,T,0.0,M,M,M,0.4,0.2,0.0,0.0,0.0,M,0.0,0.0,0.0,M,M,0.0,0.0,M,M,M,0.0,0.0,M,M,0.0,M,0.0,0.0
US1NYER0104,"WILLIAMSVILLE 2.2 NNW","ERIE","New York",589,42.99,-78.75,M,M,M,M,M,M,3.0,T,0.0,M,M,0.0,0.0,M,0.0,M,M,0.0,M,M,M,M,M,0.0,M,0.0,M,0.0,M,M
US1NYER0007,"WILLIAMSVILLE 2.7 E","ERIE","New York",702,42.97,-78.69,0.0,0.0,0.0,0.0,0.0,0.0,0.8,0.0,0.0,0.0,0.0,0.0,0.0,0.0,0.0,M,0.0,M,0.0,0.0,0.0,0.0,0.0,M,0.0,0.0,0.0,0.0,T,0.0
USC00309499,"WILMINGTON 2W","ESSEX","New York",2019,44.39,-73.86,M,M,4.2,0.0,0.0,0.0,0.0,M,M,0.0,0.0,0.0,0.0,0.0,0.0,0.0,0.0,0.0,0.0,0.0,0.0,0.0,0.0,0.0,0.0,0.0,0.0,0.0,0.0,0.0
US1NYBM0021,"WINDSOR 8.0 SE","BROOME","New York",1666,42.01,-75.51,1.2,0.0,0.0,M,M,M,M,T,0.0,0.0,0.0,0.0,0.0,0.0,0.0,M,M,0.0,0.0,M,M,M,0.0,0.0,M,M,0.0,0.0,0.0,0.0
US1NYWN0004,"WOLCOTT 4.8 N","WAYNE","New York",312,43.29,-76.81,M,M,M,M,M,M,M,M,M,M,M,M,M,M,M,M,M,M,M,M,M,M,M,M,M,M,M,M,0.0,0.0
US1NYOT0014,"WORCESTER 4.0 SSW","OTSEGO","New York",1680,42.54,-74.77,M,0.0,M,M,M,M,T,M,0.0,0.0,0.0,M,M,0.0,0.0,M,M,0.0,0.0,M,M,M,M,0.0,M,M,0.0,M,0.0,0.0
US1NYSV0008,"WURTSBORO 0.2 SSW","SULLIVAN","New York",537,41.57,-74.49,M,0.0,0.0,M,M,M,M,M,0.0,0.0,0.0,0.0,M,0.0,0.0,0.0,M,0.0,0.0,M,M,M,M,0.0,M,M,M,0.0,0.0,0.0
US1NYRN0014,"WYANTSKILL 1.6 SSE","RENSSELAER","New York",581,42.67,-73.64,M,M,0.0,M,M,M,M,M,M,M,0.0,M,M,M,M,M,M,M,M,M,M,M,M,M,M,M,M,M,M,M
USC00309593,"WYOMING 3W","WYOMING","New York",1559,42.82,-78.15,0.0,T,0.0,0.0,0.0,0.0,2.8,1.1,0.0,0.0,0.0,0.0,0.0,0.0,0.0,0.0,0.0,0.0,0.0,0.0,0.0,0.0,0.0,0.0,0.0,0.0,0.0,0.0,0.0,0.0
US1NYWC0007,"YORKTOWN HEIGHTS 0.6 SW","WESTCHESTER","New York",571,41.26,-73.79,M,M,0.0,M,M,M,M,M,0.0,0.0,0.0,0.0,M,0.0,0.0,0.0,M,0.0,0.0,M,M,M,M,0.0,M,M,M,M,M,0.0
USC00309690,"YOUNGSTOWN 2 E","NIAGARA","New York",295,43.25,-79.01,0.0,0.0,0.0,0.0,0.0,0.0,0.0,0.6,0.0,0.0,0.0,0.0,0.0,0.0,0.0,0.0,0.0,0.0,0.0,0.0,0.0,0.0,0.0,0.0,0.0,0.0,0.0,0.0,0.0,0.0