"0","rf_classifier <- ranger(disrupted_flag ~ ., 
                        data = all_flights_train,
                        importance = ""impurity"", 
                        num.trees = 10000, 
                        mtry = 2, 
                        min.node.size = 5)
"
"1","Growing trees.."
"1"," Progress: "
"1","23"
"1","%. Estimated remaining time: "
"1","1 minute, 41 seconds"
"1","."
"1","
"
"1","Growing trees.."
"1"," Progress: "
"1","42"
"1","%. Estimated remaining time: "
"1","1 minute, 24 seconds"
"1","."
"1","
"
"1","Growing trees.."
"1"," Progress: "
"1","60"
"1","%. Estimated remaining time: "
"1","1 minute, 1 seconds"
"1","."
"1","
"
"1","Growing trees.."
"1"," Progress: "
"1","78"
"1","%. Estimated remaining time: "
"1","34 seconds"
"1","."
"1","
"
"1","Growing trees.."
"1"," Progress: "
"1","95"
"1","%. Estimated remaining time: "
"1","8 seconds"
"1","."
"1","
"
"1","Computing prediction error.."
"1"," Progress: "
"1","33"
"1","%. Estimated remaining time: "
"1","1 minute, 2 seconds"
"1","."
"1","
"
"1","Computing prediction error.."
"1"," Progress: "
"1","68"
"1","%. Estimated remaining time: "
"1","28 seconds"
"1","."
"1","
"
"2","Error: cannot allocate vector of size 77 Kb
"
